cellphone_id,internal memory,RAM,performance,main camera,selfie camera,battery size,screen size,weight,price,release date,Apple,Asus,Samsung,Google,OnePlus,Oppo,Vivo,Xiaomi,Sony,Motorola,iOS,Android,user_id,age,gender,rating
30,32,3,142,13,5,5000,65,204,159,2021,FALSE,FALSE,FALSE,FALSE,FALSE,FALSE,FALSE,FALSE,FALSE,TRUE,FALSE,TRUE,0,38,0,1
5,64,3,422,12,7,2942,61,194,236,2018,TRUE,FALSE,FALSE,FALSE,FALSE,FALSE,FALSE,FALSE,FALSE,FALSE,TRUE,FALSE,0,38,0,3
10,128,8,881,50,10,3700,61,167,528,2022,FALSE,FALSE,TRUE,FALSE,FALSE,FALSE,FALSE,FALSE,FALSE,FALSE,FALSE,TRUE,0,38,0,9
9,128,6,379,64,32,5000,65,189,312,2022,FALSE,FALSE,TRUE,FALSE,FALSE,FALSE,FALSE,FALSE,FALSE,FALSE,FALSE,TRUE,0,38,0,3
23,256,8,981,50,32,4700,67,215,872,2022,FALSE,FALSE,FALSE,FALSE,FALSE,FALSE,TRUE,FALSE,FALSE,FALSE,FALSE,TRUE,0,38,0,2
8,64,4,220,48,13,5000,65,205,199,2021,FALSE,FALSE,TRUE,FALSE,FALSE,FALSE,FALSE,FALSE,FALSE,FALSE,FALSE,TRUE,0,38,0,2
22,256,12,1011,50,32,5000,67,218,987,2022,FALSE,FALSE,FALSE,FALSE,FALSE,TRUE,FALSE,FALSE,FALSE,FALSE,FALSE,TRUE,0,38,0,1
16,128,6,688,12,8,4410,61,178,449,2021,FALSE,FALSE,FALSE,TRUE,FALSE,FALSE,FALSE,FALSE,FALSE,FALSE,FALSE,TRUE,0,38,0,2
19,128,8,604,50,32,4500,64,190,379,2022,FALSE,FALSE,FALSE,FALSE,TRUE,FALSE,FALSE,FALSE,FALSE,FALSE,FALSE,TRUE,0,38,0,1
3,256,6,794,12,12,3065,61,204,999,2021,TRUE,FALSE,FALSE,FALSE,FALSE,FALSE,FALSE,FALSE,FALSE,FALSE,TRUE,FALSE,0,38,0,10
7,32,3,136,50,8,5000,66,196,154,2022,FALSE,FALSE,TRUE,FALSE,FALSE,FALSE,FALSE,FALSE,FALSE,FALSE,FALSE,TRUE,1,40,0,8
31,32,3,102,13,5,4000,65,188,129,2021,FALSE,FALSE,FALSE,FALSE,FALSE,FALSE,FALSE,FALSE,FALSE,TRUE,FALSE,TRUE,1,40,0,7
18,128,6,380,64,16,4500,64,173,299,2022,FALSE,FALSE,FALSE,FALSE,TRUE,FALSE,FALSE,FALSE,FALSE,FALSE,FALSE,TRUE,1,40,0,5
3,256,6,794,12,12,3065,61,204,999,2021,TRUE,FALSE,FALSE,FALSE,FALSE,FALSE,FALSE,FALSE,FALSE,FALSE,TRUE,FALSE,1,40,0,10
32,64,4,135,50,8,5000,65,203,189,2022,FALSE,FALSE,FALSE,FALSE,FALSE,FALSE,FALSE,FALSE,FALSE,TRUE,FALSE,TRUE,1,40,0,6
28,512,12,682,12,8,4000,65,225,1998,2021,FALSE,FALSE,FALSE,FALSE,FALSE,FALSE,FALSE,FALSE,TRUE,FALSE,FALSE,TRUE,1,40,0,8
16,128,6,688,12,8,4410,61,178,449,2021,FALSE,FALSE,FALSE,TRUE,FALSE,FALSE,FALSE,FALSE,FALSE,FALSE,FALSE,TRUE,1,40,0,7
15,128,8,676,50,8,4614,64,207,499,2021,FALSE,FALSE,FALSE,TRUE,FALSE,FALSE,FALSE,FALSE,FALSE,FALSE,FALSE,TRUE,1,40,0,8
4,256,6,801,12,12,4352,67,240,1199,2021,TRUE,FALSE,FALSE,FALSE,FALSE,FALSE,FALSE,FALSE,FALSE,FALSE,TRUE,FALSE,1,40,0,7
8,64,4,220,48,13,5000,65,205,199,2021,FALSE,FALSE,TRUE,FALSE,FALSE,FALSE,FALSE,FALSE,FALSE,FALSE,FALSE,TRUE,1,40,0,8
13,128,8,596,12,10,3300,67,183,899,2021,FALSE,FALSE,TRUE,FALSE,FALSE,FALSE,FALSE,FALSE,FALSE,FALSE,FALSE,TRUE,6,55,0,5
31,32,3,102,13,5,4000,65,188,129,2021,FALSE,FALSE,FALSE,FALSE,FALSE,FALSE,FALSE,FALSE,FALSE,TRUE,FALSE,TRUE,6,55,0,6
23,256,8,981,50,32,4700,67,215,872,2022,FALSE,FALSE,FALSE,FALSE,FALSE,FALSE,TRUE,FALSE,FALSE,FALSE,FALSE,TRUE,6,55,0,8
1,128,4,772,12,12,2438,54,141,699,2021,TRUE,FALSE,FALSE,FALSE,FALSE,FALSE,FALSE,FALSE,FALSE,FALSE,TRUE,FALSE,6,55,0,2
8,64,4,220,48,13,5000,65,205,199,2021,FALSE,FALSE,TRUE,FALSE,FALSE,FALSE,FALSE,FALSE,FALSE,FALSE,FALSE,TRUE,6,55,0,7
19,128,8,604,50,32,4500,64,190,379,2022,FALSE,FALSE,FALSE,FALSE,TRUE,FALSE,FALSE,FALSE,FALSE,FALSE,FALSE,TRUE,6,55,0,1
32,64,4,135,50,8,5000,65,203,189,2022,FALSE,FALSE,FALSE,FALSE,FALSE,FALSE,FALSE,FALSE,FALSE,TRUE,FALSE,TRUE,6,55,0,10
7,32,3,136,50,8,5000,66,196,154,2022,FALSE,FALSE,TRUE,FALSE,FALSE,FALSE,FALSE,FALSE,FALSE,FALSE,FALSE,TRUE,6,55,0,9
27,128,8,698,64,20,4500,66,195,428,2022,FALSE,FALSE,FALSE,FALSE,FALSE,FALSE,FALSE,TRUE,FALSE,FALSE,FALSE,TRUE,6,55,0,4
16,128,6,688,12,8,4410,61,178,449,2021,FALSE,FALSE,FALSE,TRUE,FALSE,FALSE,FALSE,FALSE,FALSE,FALSE,FALSE,TRUE,6,55,0,3
29,128,6,229,50,16,5000,68,215,500,2022,FALSE,FALSE,FALSE,FALSE,FALSE,FALSE,FALSE,FALSE,FALSE,TRUE,FALSE,TRUE,8,25,0,6
22,256,12,1011,50,32,5000,67,218,987,2022,FALSE,FALSE,FALSE,FALSE,FALSE,TRUE,FALSE,FALSE,FALSE,FALSE,FALSE,TRUE,8,25,0,9
32,64,4,135,50,8,5000,65,203,189,2022,FALSE,FALSE,FALSE,FALSE,FALSE,FALSE,FALSE,FALSE,FALSE,TRUE,FALSE,TRUE,8,25,0,9
25,256,8,759,108,16,5000,66,204,435,2021,FALSE,FALSE,FALSE,FALSE,FALSE,FALSE,FALSE,TRUE,FALSE,FALSE,FALSE,TRUE,8,25,0,8
20,128,8,886,48,32,5000,67,201,780,2022,FALSE,FALSE,FALSE,FALSE,TRUE,FALSE,FALSE,FALSE,FALSE,FALSE,FALSE,TRUE,8,25,0,7
0,128,4,723,12,7,2018,47,144,429,2022,TRUE,FALSE,FALSE,FALSE,FALSE,FALSE,FALSE,FALSE,FALSE,FALSE,TRUE,FALSE,8,25,0,5
11,128,8,722,50,10,4500,66,195,899,2022,FALSE,FALSE,TRUE,FALSE,FALSE,FALSE,FALSE,FALSE,FALSE,FALSE,FALSE,TRUE,8,25,0,6
17,128,12,719,50,11,5003,67,210,699,2021,FALSE,FALSE,FALSE,TRUE,FALSE,FALSE,FALSE,FALSE,FALSE,FALSE,FALSE,TRUE,8,25,0,8
21,128,8,1100,50,16,4800,67,204,649,2022,FALSE,FALSE,FALSE,FALSE,TRUE,FALSE,FALSE,FALSE,FALSE,FALSE,FALSE,TRUE,8,25,0,5
27,128,8,698,64,20,4500,66,195,428,2022,FALSE,FALSE,FALSE,FALSE,FALSE,FALSE,FALSE,TRUE,FALSE,FALSE,FALSE,TRUE,8,25,0,8
23,256,8,981,50,32,4700,67,215,872,2022,FALSE,FALSE,FALSE,FALSE,FALSE,FALSE,TRUE,FALSE,FALSE,FALSE,FALSE,TRUE,10,23,1,9
5,64,3,422,12,7,2942,61,194,236,2018,TRUE,FALSE,FALSE,FALSE,FALSE,FALSE,FALSE,FALSE,FALSE,FALSE,TRUE,FALSE,10,23,1,3
6,128,8,676,64,12,4000,59,169,599,2021,FALSE,TRUE,FALSE,FALSE,FALSE,FALSE,FALSE,FALSE,FALSE,FALSE,FALSE,TRUE,10,23,1,7
4,256,6,801,12,12,4352,67,240,1199,2021,TRUE,FALSE,FALSE,FALSE,FALSE,FALSE,FALSE,FALSE,FALSE,FALSE,TRUE,FALSE,10,23,1,9
14,256,12,635,12,4,4400,76,271,1799,2021,FALSE,FALSE,TRUE,FALSE,FALSE,FALSE,FALSE,FALSE,FALSE,FALSE,FALSE,TRUE,10,23,1,10
3,256,6,794,12,12,3065,61,204,999,2021,TRUE,FALSE,FALSE,FALSE,FALSE,FALSE,FALSE,FALSE,FALSE,FALSE,TRUE,FALSE,10,23,1,9
12,128,8,968,108,40,5000,68,228,840,2022,FALSE,FALSE,TRUE,FALSE,FALSE,FALSE,FALSE,FALSE,FALSE,FALSE,FALSE,TRUE,10,23,1,8
16,128,6,688,12,8,4410,61,178,449,2021,FALSE,FALSE,FALSE,TRUE,FALSE,FALSE,FALSE,FALSE,FALSE,FALSE,FALSE,TRUE,10,23,1,8
27,128,8,698,64,20,4500,66,195,428,2022,FALSE,FALSE,FALSE,FALSE,FALSE,FALSE,FALSE,TRUE,FALSE,FALSE,FALSE,TRUE,10,23,1,8
11,128,8,722,50,10,4500,66,195,899,2022,FALSE,FALSE,TRUE,FALSE,FALSE,FALSE,FALSE,FALSE,FALSE,FALSE,FALSE,TRUE,10,23,1,8
24,128,4,244,50,13,5000,64,179,174,2022,FALSE,FALSE,FALSE,FALSE,FALSE,FALSE,FALSE,TRUE,FALSE,FALSE,FALSE,TRUE,12,28,0,4
10,128,8,881,50,10,3700,61,167,528,2022,FALSE,FALSE,TRUE,FALSE,FALSE,FALSE,FALSE,FALSE,FALSE,FALSE,FALSE,TRUE,12,28,0,9
16,128,6,688,12,8,4410,61,178,449,2021,FALSE,FALSE,FALSE,TRUE,FALSE,FALSE,FALSE,FALSE,FALSE,FALSE,FALSE,TRUE,12,28,0,7
13,128,8,596,12,10,3300,67,183,899,2021,FALSE,FALSE,TRUE,FALSE,FALSE,FALSE,FALSE,FALSE,FALSE,FALSE,FALSE,TRUE,12,28,0,6
6,128,8,676,64,12,4000,59,169,599,2021,FALSE,TRUE,FALSE,FALSE,FALSE,FALSE,FALSE,FALSE,FALSE,FALSE,FALSE,TRUE,12,28,0,6
32,64,4,135,50,8,5000,65,203,189,2022,FALSE,FALSE,FALSE,FALSE,FALSE,FALSE,FALSE,FALSE,FALSE,TRUE,FALSE,TRUE,12,28,0,5
27,128,8,698,64,20,4500,66,195,428,2022,FALSE,FALSE,FALSE,FALSE,FALSE,FALSE,FALSE,TRUE,FALSE,FALSE,FALSE,TRUE,12,28,0,4
20,128,8,886,48,32,5000,67,201,780,2022,FALSE,FALSE,FALSE,FALSE,TRUE,FALSE,FALSE,FALSE,FALSE,FALSE,FALSE,TRUE,12,28,0,7
31,32,3,102,13,5,4000,65,188,129,2021,FALSE,FALSE,FALSE,FALSE,FALSE,FALSE,FALSE,FALSE,FALSE,TRUE,FALSE,TRUE,12,28,0,3
23,256,8,981,50,32,4700,67,215,872,2022,FALSE,FALSE,FALSE,FALSE,FALSE,FALSE,TRUE,FALSE,FALSE,FALSE,FALSE,TRUE,12,28,0,6
15,128,8,676,50,8,4614,64,207,499,2021,FALSE,FALSE,FALSE,TRUE,FALSE,FALSE,FALSE,FALSE,FALSE,FALSE,FALSE,TRUE,16,31,0,10
24,128,4,244,50,13,5000,64,179,174,2022,FALSE,FALSE,FALSE,FALSE,FALSE,FALSE,FALSE,TRUE,FALSE,FALSE,FALSE,TRUE,16,31,0,3
0,128,4,723,12,7,2018,47,144,429,2022,TRUE,FALSE,FALSE,FALSE,FALSE,FALSE,FALSE,FALSE,FALSE,FALSE,TRUE,FALSE,16,31,0,1
30,32,3,142,13,5,5000,65,204,159,2021,FALSE,FALSE,FALSE,FALSE,FALSE,FALSE,FALSE,FALSE,FALSE,TRUE,FALSE,TRUE,16,31,0,2
27,128,8,698,64,20,4500,66,195,428,2022,FALSE,FALSE,FALSE,FALSE,FALSE,FALSE,FALSE,TRUE,FALSE,FALSE,FALSE,TRUE,16,31,0,4
11,128,8,722,50,10,4500,66,195,899,2022,FALSE,FALSE,TRUE,FALSE,FALSE,FALSE,FALSE,FALSE,FALSE,FALSE,FALSE,TRUE,16,31,0,8
26,128,8,985,50,32,4600,67,204,618,2021,FALSE,FALSE,FALSE,FALSE,FALSE,FALSE,FALSE,TRUE,FALSE,FALSE,FALSE,TRUE,16,31,0,5
13,128,8,596,12,10,3300,67,183,899,2021,FALSE,FALSE,TRUE,FALSE,FALSE,FALSE,FALSE,FALSE,FALSE,FALSE,FALSE,TRUE,16,31,0,7
9,128,6,379,64,32,5000,65,189,312,2022,FALSE,FALSE,TRUE,FALSE,FALSE,FALSE,FALSE,FALSE,FALSE,FALSE,FALSE,TRUE,16,31,0,6
6,128,8,676,64,12,4000,59,169,599,2021,FALSE,TRUE,FALSE,FALSE,FALSE,FALSE,FALSE,FALSE,FALSE,FALSE,FALSE,TRUE,16,31,0,2
20,128,8,886,48,32,5000,67,201,780,2022,FALSE,FALSE,FALSE,FALSE,TRUE,FALSE,FALSE,FALSE,FALSE,FALSE,FALSE,TRUE,24,57,0,9
28,512,12,682,12,8,4000,65,225,1998,2021,FALSE,FALSE,FALSE,FALSE,FALSE,FALSE,FALSE,FALSE,TRUE,FALSE,FALSE,TRUE,24,57,0,8
3,256,6,794,12,12,3065,61,204,999,2021,TRUE,FALSE,FALSE,FALSE,FALSE,FALSE,FALSE,FALSE,FALSE,FALSE,TRUE,FALSE,24,57,0,10
21,128,8,1100,50,16,4800,67,204,649,2022,FALSE,FALSE,FALSE,FALSE,TRUE,FALSE,FALSE,FALSE,FALSE,FALSE,FALSE,TRUE,24,57,0,8
22,256,12,1011,50,32,5000,67,218,987,2022,FALSE,FALSE,FALSE,FALSE,FALSE,TRUE,FALSE,FALSE,FALSE,FALSE,FALSE,TRUE,24,57,0,7
6,128,8,676,64,12,4000,59,169,599,2021,FALSE,TRUE,FALSE,FALSE,FALSE,FALSE,FALSE,FALSE,FALSE,FALSE,FALSE,TRUE,24,57,0,7
18,128,6,380,64,16,4500,64,173,299,2022,FALSE,FALSE,FALSE,FALSE,TRUE,FALSE,FALSE,FALSE,FALSE,FALSE,FALSE,TRUE,24,57,0,8
10,128,8,881,50,10,3700,61,167,528,2022,FALSE,FALSE,TRUE,FALSE,FALSE,FALSE,FALSE,FALSE,FALSE,FALSE,FALSE,TRUE,24,57,0,9
23,256,8,981,50,32,4700,67,215,872,2022,FALSE,FALSE,FALSE,FALSE,FALSE,FALSE,TRUE,FALSE,FALSE,FALSE,FALSE,TRUE,24,57,0,7
15,128,8,676,50,8,4614,64,207,499,2021,FALSE,FALSE,FALSE,TRUE,FALSE,FALSE,FALSE,FALSE,FALSE,FALSE,FALSE,TRUE,24,57,0,10
2,128,4,775,12,12,3240,61,174,699,2021,TRUE,FALSE,FALSE,FALSE,FALSE,FALSE,FALSE,FALSE,FALSE,FALSE,TRUE,FALSE,25,27,0,9
5,64,3,422,12,7,2942,61,194,236,2018,TRUE,FALSE,FALSE,FALSE,FALSE,FALSE,FALSE,FALSE,FALSE,FALSE,TRUE,FALSE,25,27,0,6
14,256,12,635,12,4,4400,76,271,1799,2021,FALSE,FALSE,TRUE,FALSE,FALSE,FALSE,FALSE,FALSE,FALSE,FALSE,FALSE,TRUE,25,27,0,2
30,32,3,142,13,5,5000,65,204,159,2021,FALSE,FALSE,FALSE,FALSE,FALSE,FALSE,FALSE,FALSE,FALSE,TRUE,FALSE,TRUE,25,27,0,5
12,128,8,968,108,40,5000,68,228,840,2022,FALSE,FALSE,TRUE,FALSE,FALSE,FALSE,FALSE,FALSE,FALSE,FALSE,FALSE,TRUE,25,27,0,3
32,64,4,135,50,8,5000,65,203,189,2022,FALSE,FALSE,FALSE,FALSE,FALSE,FALSE,FALSE,FALSE,FALSE,TRUE,FALSE,TRUE,25,27,0,9
8,64,4,220,48,13,5000,65,205,199,2021,FALSE,FALSE,TRUE,FALSE,FALSE,FALSE,FALSE,FALSE,FALSE,FALSE,FALSE,TRUE,25,27,0,10
13,128,8,596,12,10,3300,67,183,899,2021,FALSE,FALSE,TRUE,FALSE,FALSE,FALSE,FALSE,FALSE,FALSE,FALSE,FALSE,TRUE,25,27,0,1
16,128,6,688,12,8,4410,61,178,449,2021,FALSE,FALSE,FALSE,TRUE,FALSE,FALSE,FALSE,FALSE,FALSE,FALSE,FALSE,TRUE,25,27,0,9
20,128,8,886,48,32,5000,67,201,780,2022,FALSE,FALSE,FALSE,FALSE,TRUE,FALSE,FALSE,FALSE,FALSE,FALSE,FALSE,TRUE,25,27,0,5
20,128,8,886,48,32,5000,67,201,780,2022,FALSE,FALSE,FALSE,FALSE,TRUE,FALSE,FALSE,FALSE,FALSE,FALSE,FALSE,TRUE,26,28,0,6
32,64,4,135,50,8,5000,65,203,189,2022,FALSE,FALSE,FALSE,FALSE,FALSE,FALSE,FALSE,FALSE,FALSE,TRUE,FALSE,TRUE,26,28,0,9
3,256,6,794,12,12,3065,61,204,999,2021,TRUE,FALSE,FALSE,FALSE,FALSE,FALSE,FALSE,FALSE,FALSE,FALSE,TRUE,FALSE,26,28,0,10
15,128,8,676,50,8,4614,64,207,499,2021,FALSE,FALSE,FALSE,TRUE,FALSE,FALSE,FALSE,FALSE,FALSE,FALSE,FALSE,TRUE,26,28,0,7
23,256,8,981,50,32,4700,67,215,872,2022,FALSE,FALSE,FALSE,FALSE,FALSE,FALSE,TRUE,FALSE,FALSE,FALSE,FALSE,TRUE,26,28,0,6
25,256,8,759,108,16,5000,66,204,435,2021,FALSE,FALSE,FALSE,FALSE,FALSE,FALSE,FALSE,TRUE,FALSE,FALSE,FALSE,TRUE,26,28,0,9
22,256,12,1011,50,32,5000,67,218,987,2022,FALSE,FALSE,FALSE,FALSE,FALSE,TRUE,FALSE,FALSE,FALSE,FALSE,FALSE,TRUE,26,28,0,10
12,128,8,968,108,40,5000,68,228,840,2022,FALSE,FALSE,TRUE,FALSE,FALSE,FALSE,FALSE,FALSE,FALSE,FALSE,FALSE,TRUE,26,28,0,8
18,128,6,380,64,16,4500,64,173,299,2022,FALSE,FALSE,FALSE,FALSE,TRUE,FALSE,FALSE,FALSE,FALSE,FALSE,FALSE,TRUE,26,28,0,5
4,256,6,801,12,12,4352,67,240,1199,2021,TRUE,FALSE,FALSE,FALSE,FALSE,FALSE,FALSE,FALSE,FALSE,FALSE,TRUE,FALSE,26,28,0,9
11,128,8,722,50,10,4500,66,195,899,2022,FALSE,FALSE,TRUE,FALSE,FALSE,FALSE,FALSE,FALSE,FALSE,FALSE,FALSE,TRUE,27,29,0,8
8,64,4,220,48,13,5000,65,205,199,2021,FALSE,FALSE,TRUE,FALSE,FALSE,FALSE,FALSE,FALSE,FALSE,FALSE,FALSE,TRUE,27,29,0,8
19,128,8,604,50,32,4500,64,190,379,2022,FALSE,FALSE,FALSE,FALSE,TRUE,FALSE,FALSE,FALSE,FALSE,FALSE,FALSE,TRUE,27,29,0,6
24,128,4,244,50,13,5000,64,179,174,2022,FALSE,FALSE,FALSE,FALSE,FALSE,FALSE,FALSE,TRUE,FALSE,FALSE,FALSE,TRUE,27,29,0,7
27,128,8,698,64,20,4500,66,195,428,2022,FALSE,FALSE,FALSE,FALSE,FALSE,FALSE,FALSE,TRUE,FALSE,FALSE,FALSE,TRUE,27,29,0,7
18,128,6,380,64,16,4500,64,173,299,2022,FALSE,FALSE,FALSE,FALSE,TRUE,FALSE,FALSE,FALSE,FALSE,FALSE,FALSE,TRUE,27,29,0,6
6,128,8,676,64,12,4000,59,169,599,2021,FALSE,TRUE,FALSE,FALSE,FALSE,FALSE,FALSE,FALSE,FALSE,FALSE,FALSE,TRUE,27,29,0,8
21,128,8,1100,50,16,4800,67,204,649,2022,FALSE,FALSE,FALSE,FALSE,TRUE,FALSE,FALSE,FALSE,FALSE,FALSE,FALSE,TRUE,27,29,0,9
32,64,4,135,50,8,5000,65,203,189,2022,FALSE,FALSE,FALSE,FALSE,FALSE,FALSE,FALSE,FALSE,FALSE,TRUE,FALSE,TRUE,27,29,0,8
4,256,6,801,12,12,4352,67,240,1199,2021,TRUE,FALSE,FALSE,FALSE,FALSE,FALSE,FALSE,FALSE,FALSE,FALSE,TRUE,FALSE,27,29,0,10
28,512,12,682,12,8,4000,65,225,1998,2021,FALSE,FALSE,FALSE,FALSE,FALSE,FALSE,FALSE,FALSE,TRUE,FALSE,FALSE,TRUE,28,33,0,1
31,32,3,102,13,5,4000,65,188,129,2021,FALSE,FALSE,FALSE,FALSE,FALSE,FALSE,FALSE,FALSE,FALSE,TRUE,FALSE,TRUE,28,33,0,1
5,64,3,422,12,7,2942,61,194,236,2018,TRUE,FALSE,FALSE,FALSE,FALSE,FALSE,FALSE,FALSE,FALSE,FALSE,TRUE,FALSE,28,33,0,10
8,64,4,220,48,13,5000,65,205,199,2021,FALSE,FALSE,TRUE,FALSE,FALSE,FALSE,FALSE,FALSE,FALSE,FALSE,FALSE,TRUE,28,33,0,1
14,256,12,635,12,4,4400,76,271,1799,2021,FALSE,FALSE,TRUE,FALSE,FALSE,FALSE,FALSE,FALSE,FALSE,FALSE,FALSE,TRUE,28,33,0,1
17,128,12,719,50,11,5003,67,210,699,2021,FALSE,FALSE,FALSE,TRUE,FALSE,FALSE,FALSE,FALSE,FALSE,FALSE,FALSE,TRUE,28,33,0,1
22,256,12,1011,50,32,5000,67,218,987,2022,FALSE,FALSE,FALSE,FALSE,FALSE,TRUE,FALSE,FALSE,FALSE,FALSE,FALSE,TRUE,28,33,0,1
29,128,6,229,50,16,5000,68,215,500,2022,FALSE,FALSE,FALSE,FALSE,FALSE,FALSE,FALSE,FALSE,FALSE,TRUE,FALSE,TRUE,28,33,0,1
3,256,6,794,12,12,3065,61,204,999,2021,TRUE,FALSE,FALSE,FALSE,FALSE,FALSE,FALSE,FALSE,FALSE,FALSE,TRUE,FALSE,28,33,0,10
25,256,8,759,108,16,5000,66,204,435,2021,FALSE,FALSE,FALSE,FALSE,FALSE,FALSE,FALSE,TRUE,FALSE,FALSE,FALSE,TRUE,28,33,0,1
14,256,12,635,12,4,4400,76,271,1799,2021,FALSE,FALSE,TRUE,FALSE,FALSE,FALSE,FALSE,FALSE,FALSE,FALSE,FALSE,TRUE,29,61,0,5
8,64,4,220,48,13,5000,65,205,199,2021,FALSE,FALSE,TRUE,FALSE,FALSE,FALSE,FALSE,FALSE,FALSE,FALSE,FALSE,TRUE,29,61,0,7
19,128,8,604,50,32,4500,64,190,379,2022,FALSE,FALSE,FALSE,FALSE,TRUE,FALSE,FALSE,FALSE,FALSE,FALSE,FALSE,TRUE,29,61,0,5
10,128,8,881,50,10,3700,61,167,528,2022,FALSE,FALSE,TRUE,FALSE,FALSE,FALSE,FALSE,FALSE,FALSE,FALSE,FALSE,TRUE,29,61,0,9
7,32,3,136,50,8,5000,66,196,154,2022,FALSE,FALSE,TRUE,FALSE,FALSE,FALSE,FALSE,FALSE,FALSE,FALSE,FALSE,TRUE,29,61,0,6
24,128,4,244,50,13,5000,64,179,174,2022,FALSE,FALSE,FALSE,FALSE,FALSE,FALSE,FALSE,TRUE,FALSE,FALSE,FALSE,TRUE,29,61,0,8
2,128,4,775,12,12,3240,61,174,699,2021,TRUE,FALSE,FALSE,FALSE,FALSE,FALSE,FALSE,FALSE,FALSE,FALSE,TRUE,FALSE,29,61,0,6
16,128,6,688,12,8,4410,61,178,449,2021,FALSE,FALSE,FALSE,TRUE,FALSE,FALSE,FALSE,FALSE,FALSE,FALSE,FALSE,TRUE,29,61,0,7
26,128,8,985,50,32,4600,67,204,618,2021,FALSE,FALSE,FALSE,FALSE,FALSE,FALSE,FALSE,TRUE,FALSE,FALSE,FALSE,TRUE,29,61,0,5
5,64,3,422,12,7,2942,61,194,236,2018,TRUE,FALSE,FALSE,FALSE,FALSE,FALSE,FALSE,FALSE,FALSE,FALSE,TRUE,FALSE,29,61,0,4
17,128,12,719,50,11,5003,67,210,699,2021,FALSE,FALSE,FALSE,TRUE,FALSE,FALSE,FALSE,FALSE,FALSE,FALSE,FALSE,TRUE,30,34,1,8
14,256,12,635,12,4,4400,76,271,1799,2021,FALSE,FALSE,TRUE,FALSE,FALSE,FALSE,FALSE,FALSE,FALSE,FALSE,FALSE,TRUE,30,34,1,6
19,128,8,604,50,32,4500,64,190,379,2022,FALSE,FALSE,FALSE,FALSE,TRUE,FALSE,FALSE,FALSE,FALSE,FALSE,FALSE,TRUE,30,34,1,7
15,128,8,676,50,8,4614,64,207,499,2021,FALSE,FALSE,FALSE,TRUE,FALSE,FALSE,FALSE,FALSE,FALSE,FALSE,FALSE,TRUE,30,34,1,6
26,128,8,985,50,32,4600,67,204,618,2021,FALSE,FALSE,FALSE,FALSE,FALSE,FALSE,FALSE,TRUE,FALSE,FALSE,FALSE,TRUE,30,34,1,9
9,128,6,379,64,32,5000,65,189,312,2022,FALSE,FALSE,TRUE,FALSE,FALSE,FALSE,FALSE,FALSE,FALSE,FALSE,FALSE,TRUE,30,34,1,4
0,128,4,723,12,7,2018,47,144,429,2022,TRUE,FALSE,FALSE,FALSE,FALSE,FALSE,FALSE,FALSE,FALSE,FALSE,TRUE,FALSE,30,34,1,4
16,128,6,688,12,8,4410,61,178,449,2021,FALSE,FALSE,FALSE,TRUE,FALSE,FALSE,FALSE,FALSE,FALSE,FALSE,FALSE,TRUE,30,34,1,8
4,256,6,801,12,12,4352,67,240,1199,2021,TRUE,FALSE,FALSE,FALSE,FALSE,FALSE,FALSE,FALSE,FALSE,FALSE,TRUE,FALSE,30,34,1,7
2,128,4,775,12,12,3240,61,174,699,2021,TRUE,FALSE,FALSE,FALSE,FALSE,FALSE,FALSE,FALSE,FALSE,FALSE,TRUE,FALSE,30,34,1,5
12,128,8,968,108,40,5000,68,228,840,2022,FALSE,FALSE,TRUE,FALSE,FALSE,FALSE,FALSE,FALSE,FALSE,FALSE,FALSE,TRUE,32,39,1,1
2,128,4,775,12,12,3240,61,174,699,2021,TRUE,FALSE,FALSE,FALSE,FALSE,FALSE,FALSE,FALSE,FALSE,FALSE,TRUE,FALSE,32,39,1,9
13,128,8,596,12,10,3300,67,183,899,2021,FALSE,FALSE,TRUE,FALSE,FALSE,FALSE,FALSE,FALSE,FALSE,FALSE,FALSE,TRUE,32,39,1,1
26,128,8,985,50,32,4600,67,204,618,2021,FALSE,FALSE,FALSE,FALSE,FALSE,FALSE,FALSE,TRUE,FALSE,FALSE,FALSE,TRUE,32,39,1,9
11,128,8,722,50,10,4500,66,195,899,2022,FALSE,FALSE,TRUE,FALSE,FALSE,FALSE,FALSE,FALSE,FALSE,FALSE,FALSE,TRUE,32,39,1,1
31,32,3,102,13,5,4000,65,188,129,2021,FALSE,FALSE,FALSE,FALSE,FALSE,FALSE,FALSE,FALSE,FALSE,TRUE,FALSE,TRUE,32,39,1,3
20,128,8,886,48,32,5000,67,201,780,2022,FALSE,FALSE,FALSE,FALSE,TRUE,FALSE,FALSE,FALSE,FALSE,FALSE,FALSE,TRUE,32,39,1,2
30,32,3,142,13,5,5000,65,204,159,2021,FALSE,FALSE,FALSE,FALSE,FALSE,FALSE,FALSE,FALSE,FALSE,TRUE,FALSE,TRUE,32,39,1,1
6,128,8,676,64,12,4000,59,169,599,2021,FALSE,TRUE,FALSE,FALSE,FALSE,FALSE,FALSE,FALSE,FALSE,FALSE,FALSE,TRUE,32,39,1,2
10,128,8,881,50,10,3700,61,167,528,2022,FALSE,FALSE,TRUE,FALSE,FALSE,FALSE,FALSE,FALSE,FALSE,FALSE,FALSE,TRUE,32,39,1,8
30,32,3,142,13,5,5000,65,204,159,2021,FALSE,FALSE,FALSE,FALSE,FALSE,FALSE,FALSE,FALSE,FALSE,TRUE,FALSE,TRUE,33,30,0,10
29,128,6,229,50,16,5000,68,215,500,2022,FALSE,FALSE,FALSE,FALSE,FALSE,FALSE,FALSE,FALSE,FALSE,TRUE,FALSE,TRUE,33,30,0,9
13,128,8,596,12,10,3300,67,183,899,2021,FALSE,FALSE,TRUE,FALSE,FALSE,FALSE,FALSE,FALSE,FALSE,FALSE,FALSE,TRUE,33,30,0,8
6,128,8,676,64,12,4000,59,169,599,2021,FALSE,TRUE,FALSE,FALSE,FALSE,FALSE,FALSE,FALSE,FALSE,FALSE,FALSE,TRUE,33,30,0,8
2,128,4,775,12,12,3240,61,174,699,2021,TRUE,FALSE,FALSE,FALSE,FALSE,FALSE,FALSE,FALSE,FALSE,FALSE,TRUE,FALSE,33,30,0,10
19,128,8,604,50,32,4500,64,190,379,2022,FALSE,FALSE,FALSE,FALSE,TRUE,FALSE,FALSE,FALSE,FALSE,FALSE,FALSE,TRUE,33,30,0,10
9,128,6,379,64,32,5000,65,189,312,2022,FALSE,FALSE,TRUE,FALSE,FALSE,FALSE,FALSE,FALSE,FALSE,FALSE,FALSE,TRUE,33,30,0,10
10,128,8,881,50,10,3700,61,167,528,2022,FALSE,FALSE,TRUE,FALSE,FALSE,FALSE,FALSE,FALSE,FALSE,FALSE,FALSE,TRUE,33,30,0,10
25,256,8,759,108,16,5000,66,204,435,2021,FALSE,FALSE,FALSE,FALSE,FALSE,FALSE,FALSE,TRUE,FALSE,FALSE,FALSE,TRUE,33,30,0,10
32,64,4,135,50,8,5000,65,203,189,2022,FALSE,FALSE,FALSE,FALSE,FALSE,FALSE,FALSE,FALSE,FALSE,TRUE,FALSE,TRUE,33,30,0,8
19,128,8,604,50,32,4500,64,190,379,2022,FALSE,FALSE,FALSE,FALSE,TRUE,FALSE,FALSE,FALSE,FALSE,FALSE,FALSE,TRUE,35,41,1,7
12,128,8,968,108,40,5000,68,228,840,2022,FALSE,FALSE,TRUE,FALSE,FALSE,FALSE,FALSE,FALSE,FALSE,FALSE,FALSE,TRUE,35,41,1,2
26,128,8,985,50,32,4600,67,204,618,2021,FALSE,FALSE,FALSE,FALSE,FALSE,FALSE,FALSE,TRUE,FALSE,FALSE,FALSE,TRUE,35,41,1,2
17,128,12,719,50,11,5003,67,210,699,2021,FALSE,FALSE,FALSE,TRUE,FALSE,FALSE,FALSE,FALSE,FALSE,FALSE,FALSE,TRUE,35,41,1,3
23,256,8,981,50,32,4700,67,215,872,2022,FALSE,FALSE,FALSE,FALSE,FALSE,FALSE,TRUE,FALSE,FALSE,FALSE,FALSE,TRUE,35,41,1,2
0,128,4,723,12,7,2018,47,144,429,2022,TRUE,FALSE,FALSE,FALSE,FALSE,FALSE,FALSE,FALSE,FALSE,FALSE,TRUE,FALSE,35,41,1,6
18,128,6,380,64,16,4500,64,173,299,2022,FALSE,FALSE,FALSE,FALSE,TRUE,FALSE,FALSE,FALSE,FALSE,FALSE,FALSE,TRUE,35,41,1,9
27,128,8,698,64,20,4500,66,195,428,2022,FALSE,FALSE,FALSE,FALSE,FALSE,FALSE,FALSE,TRUE,FALSE,FALSE,FALSE,TRUE,35,41,1,7
6,128,8,676,64,12,4000,59,169,599,2021,FALSE,TRUE,FALSE,FALSE,FALSE,FALSE,FALSE,FALSE,FALSE,FALSE,FALSE,TRUE,35,41,1,5
4,256,6,801,12,12,4352,67,240,1199,2021,TRUE,FALSE,FALSE,FALSE,FALSE,FALSE,FALSE,FALSE,FALSE,FALSE,TRUE,FALSE,35,41,1,1
2,128,4,775,12,12,3240,61,174,699,2021,TRUE,FALSE,FALSE,FALSE,FALSE,FALSE,FALSE,FALSE,FALSE,FALSE,TRUE,FALSE,36,42,1,10
26,128,8,985,50,32,4600,67,204,618,2021,FALSE,FALSE,FALSE,FALSE,FALSE,FALSE,FALSE,TRUE,FALSE,FALSE,FALSE,TRUE,36,42,1,1
6,128,8,676,64,12,4000,59,169,599,2021,FALSE,TRUE,FALSE,FALSE,FALSE,FALSE,FALSE,FALSE,FALSE,FALSE,FALSE,TRUE,36,42,1,1
1,128,4,772,12,12,2438,54,141,699,2021,TRUE,FALSE,FALSE,FALSE,FALSE,FALSE,FALSE,FALSE,FALSE,FALSE,TRUE,FALSE,36,42,1,6
5,64,3,422,12,7,2942,61,194,236,2018,TRUE,FALSE,FALSE,FALSE,FALSE,FALSE,FALSE,FALSE,FALSE,FALSE,TRUE,FALSE,36,42,1,6
10,128,8,881,50,10,3700,61,167,528,2022,FALSE,FALSE,TRUE,FALSE,FALSE,FALSE,FALSE,FALSE,FALSE,FALSE,FALSE,TRUE,36,42,1,4
22,256,12,1011,50,32,5000,67,218,987,2022,FALSE,FALSE,FALSE,FALSE,FALSE,TRUE,FALSE,FALSE,FALSE,FALSE,FALSE,TRUE,36,42,1,4
14,256,12,635,12,4,4400,76,271,1799,2021,FALSE,FALSE,TRUE,FALSE,FALSE,FALSE,FALSE,FALSE,FALSE,FALSE,FALSE,TRUE,36,42,1,1
9,128,6,379,64,32,5000,65,189,312,2022,FALSE,FALSE,TRUE,FALSE,FALSE,FALSE,FALSE,FALSE,FALSE,FALSE,FALSE,TRUE,36,42,1,4
17,128,12,719,50,11,5003,67,210,699,2021,FALSE,FALSE,FALSE,TRUE,FALSE,FALSE,FALSE,FALSE,FALSE,FALSE,FALSE,TRUE,36,42,1,2
24,128,4,244,50,13,5000,64,179,174,2022,FALSE,FALSE,FALSE,FALSE,FALSE,FALSE,FALSE,TRUE,FALSE,FALSE,FALSE,TRUE,37,34,0,6
32,64,4,135,50,8,5000,65,203,189,2022,FALSE,FALSE,FALSE,FALSE,FALSE,FALSE,FALSE,FALSE,FALSE,TRUE,FALSE,TRUE,37,34,0,5
28,512,12,682,12,8,4000,65,225,1998,2021,FALSE,FALSE,FALSE,FALSE,FALSE,FALSE,FALSE,FALSE,TRUE,FALSE,FALSE,TRUE,37,34,0,10
7,32,3,136,50,8,5000,66,196,154,2022,FALSE,FALSE,TRUE,FALSE,FALSE,FALSE,FALSE,FALSE,FALSE,FALSE,FALSE,TRUE,37,34,0,1
18,128,6,380,64,16,4500,64,173,299,2022,FALSE,FALSE,FALSE,FALSE,TRUE,FALSE,FALSE,FALSE,FALSE,FALSE,FALSE,TRUE,37,34,0,5
31,32,3,102,13,5,4000,65,188,129,2021,FALSE,FALSE,FALSE,FALSE,FALSE,FALSE,FALSE,FALSE,FALSE,TRUE,FALSE,TRUE,37,34,0,2
23,256,8,981,50,32,4700,67,215,872,2022,FALSE,FALSE,FALSE,FALSE,FALSE,FALSE,TRUE,FALSE,FALSE,FALSE,FALSE,TRUE,37,34,0,9
30,32,3,142,13,5,5000,65,204,159,2021,FALSE,FALSE,FALSE,FALSE,FALSE,FALSE,FALSE,FALSE,FALSE,TRUE,FALSE,TRUE,37,34,0,1
13,128,8,596,12,10,3300,67,183,899,2021,FALSE,FALSE,TRUE,FALSE,FALSE,FALSE,FALSE,FALSE,FALSE,FALSE,FALSE,TRUE,37,34,0,5
15,128,8,676,50,8,4614,64,207,499,2021,FALSE,FALSE,FALSE,TRUE,FALSE,FALSE,FALSE,FALSE,FALSE,FALSE,FALSE,TRUE,37,34,0,5
1,128,4,772,12,12,2438,54,141,699,2021,TRUE,FALSE,FALSE,FALSE,FALSE,FALSE,FALSE,FALSE,FALSE,FALSE,TRUE,FALSE,38,42,1,7
30,32,3,142,13,5,5000,65,204,159,2021,FALSE,FALSE,FALSE,FALSE,FALSE,FALSE,FALSE,FALSE,FALSE,TRUE,FALSE,TRUE,38,42,1,4
5,64,3,422,12,7,2942,61,194,236,2018,TRUE,FALSE,FALSE,FALSE,FALSE,FALSE,FALSE,FALSE,FALSE,FALSE,TRUE,FALSE,38,42,1,8
24,128,4,244,50,13,5000,64,179,174,2022,FALSE,FALSE,FALSE,FALSE,FALSE,FALSE,FALSE,TRUE,FALSE,FALSE,FALSE,TRUE,38,42,1,7
10,128,8,881,50,10,3700,61,167,528,2022,FALSE,FALSE,TRUE,FALSE,FALSE,FALSE,FALSE,FALSE,FALSE,FALSE,FALSE,TRUE,38,42,1,7
15,128,8,676,50,8,4614,64,207,499,2021,FALSE,FALSE,FALSE,TRUE,FALSE,FALSE,FALSE,FALSE,FALSE,FALSE,FALSE,TRUE,38,42,1,2
2,128,4,775,12,12,3240,61,174,699,2021,TRUE,FALSE,FALSE,FALSE,FALSE,FALSE,FALSE,FALSE,FALSE,FALSE,TRUE,FALSE,38,42,1,8
11,128,8,722,50,10,4500,66,195,899,2022,FALSE,FALSE,TRUE,FALSE,FALSE,FALSE,FALSE,FALSE,FALSE,FALSE,FALSE,TRUE,38,42,1,7
6,128,8,676,64,12,4000,59,169,599,2021,FALSE,TRUE,FALSE,FALSE,FALSE,FALSE,FALSE,FALSE,FALSE,FALSE,FALSE,TRUE,38,42,1,5
25,256,8,759,108,16,5000,66,204,435,2021,FALSE,FALSE,FALSE,FALSE,FALSE,FALSE,FALSE,TRUE,FALSE,FALSE,FALSE,TRUE,38,42,1,6
20,128,8,886,48,32,5000,67,201,780,2022,FALSE,FALSE,FALSE,FALSE,TRUE,FALSE,FALSE,FALSE,FALSE,FALSE,FALSE,TRUE,52,25,1,10
0,128,4,723,12,7,2018,47,144,429,2022,TRUE,FALSE,FALSE,FALSE,FALSE,FALSE,FALSE,FALSE,FALSE,FALSE,TRUE,FALSE,52,25,1,5
13,128,8,596,12,10,3300,67,183,899,2021,FALSE,FALSE,TRUE,FALSE,FALSE,FALSE,FALSE,FALSE,FALSE,FALSE,FALSE,TRUE,52,25,1,4
27,128,8,698,64,20,4500,66,195,428,2022,FALSE,FALSE,FALSE,FALSE,FALSE,FALSE,FALSE,TRUE,FALSE,FALSE,FALSE,TRUE,52,25,1,6
26,128,8,985,50,32,4600,67,204,618,2021,FALSE,FALSE,FALSE,FALSE,FALSE,FALSE,FALSE,TRUE,FALSE,FALSE,FALSE,TRUE,52,25,1,8
8,64,4,220,48,13,5000,65,205,199,2021,FALSE,FALSE,TRUE,FALSE,FALSE,FALSE,FALSE,FALSE,FALSE,FALSE,FALSE,TRUE,52,25,1,1
5,64,3,422,12,7,2942,61,194,236,2018,TRUE,FALSE,FALSE,FALSE,FALSE,FALSE,FALSE,FALSE,FALSE,FALSE,TRUE,FALSE,52,25,1,2
3,256,6,794,12,12,3065,61,204,999,2021,TRUE,FALSE,FALSE,FALSE,FALSE,FALSE,FALSE,FALSE,FALSE,FALSE,TRUE,FALSE,52,25,1,2
24,128,4,244,50,13,5000,64,179,174,2022,FALSE,FALSE,FALSE,FALSE,FALSE,FALSE,FALSE,TRUE,FALSE,FALSE,FALSE,TRUE,52,25,1,5
15,128,8,676,50,8,4614,64,207,499,2021,FALSE,FALSE,FALSE,TRUE,FALSE,FALSE,FALSE,FALSE,FALSE,FALSE,FALSE,TRUE,52,25,1,5
32,64,4,135,50,8,5000,65,203,189,2022,FALSE,FALSE,FALSE,FALSE,FALSE,FALSE,FALSE,FALSE,FALSE,TRUE,FALSE,TRUE,53,38,2,9
5,64,3,422,12,7,2942,61,194,236,2018,TRUE,FALSE,FALSE,FALSE,FALSE,FALSE,FALSE,FALSE,FALSE,FALSE,TRUE,FALSE,53,38,2,8
15,128,8,676,50,8,4614,64,207,499,2021,FALSE,FALSE,FALSE,TRUE,FALSE,FALSE,FALSE,FALSE,FALSE,FALSE,FALSE,TRUE,53,38,2,10
4,256,6,801,12,12,4352,67,240,1199,2021,TRUE,FALSE,FALSE,FALSE,FALSE,FALSE,FALSE,FALSE,FALSE,FALSE,TRUE,FALSE,53,38,2,9
26,128,8,985,50,32,4600,67,204,618,2021,FALSE,FALSE,FALSE,FALSE,FALSE,FALSE,FALSE,TRUE,FALSE,FALSE,FALSE,TRUE,53,38,2,9
9,128,6,379,64,32,5000,65,189,312,2022,FALSE,FALSE,TRUE,FALSE,FALSE,FALSE,FALSE,FALSE,FALSE,FALSE,FALSE,TRUE,53,38,2,8
7,32,3,136,50,8,5000,66,196,154,2022,FALSE,FALSE,TRUE,FALSE,FALSE,FALSE,FALSE,FALSE,FALSE,FALSE,FALSE,TRUE,53,38,2,8
29,128,6,229,50,16,5000,68,215,500,2022,FALSE,FALSE,FALSE,FALSE,FALSE,FALSE,FALSE,FALSE,FALSE,TRUE,FALSE,TRUE,53,38,2,8
25,256,8,759,108,16,5000,66,204,435,2021,FALSE,FALSE,FALSE,FALSE,FALSE,FALSE,FALSE,TRUE,FALSE,FALSE,FALSE,TRUE,53,38,2,9
17,128,12,719,50,11,5003,67,210,699,2021,FALSE,FALSE,FALSE,TRUE,FALSE,FALSE,FALSE,FALSE,FALSE,FALSE,FALSE,TRUE,53,38,2,8
15,128,8,676,50,8,4614,64,207,499,2021,FALSE,FALSE,FALSE,TRUE,FALSE,FALSE,FALSE,FALSE,FALSE,FALSE,FALSE,TRUE,56,50,0,5
32,64,4,135,50,8,5000,65,203,189,2022,FALSE,FALSE,FALSE,FALSE,FALSE,FALSE,FALSE,FALSE,FALSE,TRUE,FALSE,TRUE,56,50,0,3
30,32,3,142,13,5,5000,65,204,159,2021,FALSE,FALSE,FALSE,FALSE,FALSE,FALSE,FALSE,FALSE,FALSE,TRUE,FALSE,TRUE,56,50,0,2
5,64,3,422,12,7,2942,61,194,236,2018,TRUE,FALSE,FALSE,FALSE,FALSE,FALSE,FALSE,FALSE,FALSE,FALSE,TRUE,FALSE,56,50,0,9
25,256,8,759,108,16,5000,66,204,435,2021,FALSE,FALSE,FALSE,FALSE,FALSE,FALSE,FALSE,TRUE,FALSE,FALSE,FALSE,TRUE,56,50,0,3
1,128,4,772,12,12,2438,54,141,699,2021,TRUE,FALSE,FALSE,FALSE,FALSE,FALSE,FALSE,FALSE,FALSE,FALSE,TRUE,FALSE,56,50,0,9
12,128,8,968,108,40,5000,68,228,840,2022,FALSE,FALSE,TRUE,FALSE,FALSE,FALSE,FALSE,FALSE,FALSE,FALSE,FALSE,TRUE,56,50,0,5
8,64,4,220,48,13,5000,65,205,199,2021,FALSE,FALSE,TRUE,FALSE,FALSE,FALSE,FALSE,FALSE,FALSE,FALSE,FALSE,TRUE,56,50,0,10
17,128,12,719,50,11,5003,67,210,699,2021,FALSE,FALSE,FALSE,TRUE,FALSE,FALSE,FALSE,FALSE,FALSE,FALSE,FALSE,TRUE,56,50,0,6
13,128,8,596,12,10,3300,67,183,899,2021,FALSE,FALSE,TRUE,FALSE,FALSE,FALSE,FALSE,FALSE,FALSE,FALSE,FALSE,TRUE,56,50,0,9
16,128,6,688,12,8,4410,61,178,449,2021,FALSE,FALSE,FALSE,TRUE,FALSE,FALSE,FALSE,FALSE,FALSE,FALSE,FALSE,TRUE,60,48,1,6
11,128,8,722,50,10,4500,66,195,899,2022,FALSE,FALSE,TRUE,FALSE,FALSE,FALSE,FALSE,FALSE,FALSE,FALSE,FALSE,TRUE,60,48,1,3
32,64,4,135,50,8,5000,65,203,189,2022,FALSE,FALSE,FALSE,FALSE,FALSE,FALSE,FALSE,FALSE,FALSE,TRUE,FALSE,TRUE,60,48,1,8
9,128,6,379,64,32,5000,65,189,312,2022,FALSE,FALSE,TRUE,FALSE,FALSE,FALSE,FALSE,FALSE,FALSE,FALSE,FALSE,TRUE,60,48,1,5
28,512,12,682,12,8,4000,65,225,1998,2021,FALSE,FALSE,FALSE,FALSE,FALSE,FALSE,FALSE,FALSE,TRUE,FALSE,FALSE,TRUE,60,48,1,1
26,128,8,985,50,32,4600,67,204,618,2021,FALSE,FALSE,FALSE,FALSE,FALSE,FALSE,FALSE,TRUE,FALSE,FALSE,FALSE,TRUE,60,48,1,9
15,128,8,676,50,8,4614,64,207,499,2021,FALSE,FALSE,FALSE,TRUE,FALSE,FALSE,FALSE,FALSE,FALSE,FALSE,FALSE,TRUE,60,48,1,4
31,32,3,102,13,5,4000,65,188,129,2021,FALSE,FALSE,FALSE,FALSE,FALSE,FALSE,FALSE,FALSE,FALSE,TRUE,FALSE,TRUE,60,48,1,10
13,128,8,596,12,10,3300,67,183,899,2021,FALSE,FALSE,TRUE,FALSE,FALSE,FALSE,FALSE,FALSE,FALSE,FALSE,FALSE,TRUE,60,48,1,2
29,128,6,229,50,16,5000,68,215,500,2022,FALSE,FALSE,FALSE,FALSE,FALSE,FALSE,FALSE,FALSE,FALSE,TRUE,FALSE,TRUE,60,48,1,7
26,128,8,985,50,32,4600,67,204,618,2021,FALSE,FALSE,FALSE,FALSE,FALSE,FALSE,FALSE,TRUE,FALSE,FALSE,FALSE,TRUE,74,25,1,8
25,256,8,759,108,16,5000,66,204,435,2021,FALSE,FALSE,FALSE,FALSE,FALSE,FALSE,FALSE,TRUE,FALSE,FALSE,FALSE,TRUE,74,25,1,7
17,128,12,719,50,11,5003,67,210,699,2021,FALSE,FALSE,FALSE,TRUE,FALSE,FALSE,FALSE,FALSE,FALSE,FALSE,FALSE,TRUE,74,25,1,7
11,128,8,722,50,10,4500,66,195,899,2022,FALSE,FALSE,TRUE,FALSE,FALSE,FALSE,FALSE,FALSE,FALSE,FALSE,FALSE,TRUE,74,25,1,8
21,128,8,1100,50,16,4800,67,204,649,2022,FALSE,FALSE,FALSE,FALSE,TRUE,FALSE,FALSE,FALSE,FALSE,FALSE,FALSE,TRUE,74,25,1,7
8,64,4,220,48,13,5000,65,205,199,2021,FALSE,FALSE,TRUE,FALSE,FALSE,FALSE,FALSE,FALSE,FALSE,FALSE,FALSE,TRUE,74,25,1,6
30,32,3,142,13,5,5000,65,204,159,2021,FALSE,FALSE,FALSE,FALSE,FALSE,FALSE,FALSE,FALSE,FALSE,TRUE,FALSE,TRUE,74,25,1,6
28,512,12,682,12,8,4000,65,225,1998,2021,FALSE,FALSE,FALSE,FALSE,FALSE,FALSE,FALSE,FALSE,TRUE,FALSE,FALSE,TRUE,74,25,1,7
32,64,4,135,50,8,5000,65,203,189,2022,FALSE,FALSE,FALSE,FALSE,FALSE,FALSE,FALSE,FALSE,FALSE,TRUE,FALSE,TRUE,74,25,1,7
16,128,6,688,12,8,4410,61,178,449,2021,FALSE,FALSE,FALSE,TRUE,FALSE,FALSE,FALSE,FALSE,FALSE,FALSE,FALSE,TRUE,74,25,1,6
16,128,6,688,12,8,4410,61,178,449,2021,FALSE,FALSE,FALSE,TRUE,FALSE,FALSE,FALSE,FALSE,FALSE,FALSE,FALSE,TRUE,79,25,1,8
11,128,8,722,50,10,4500,66,195,899,2022,FALSE,FALSE,TRUE,FALSE,FALSE,FALSE,FALSE,FALSE,FALSE,FALSE,FALSE,TRUE,79,25,1,8
19,128,8,604,50,32,4500,64,190,379,2022,FALSE,FALSE,FALSE,FALSE,TRUE,FALSE,FALSE,FALSE,FALSE,FALSE,FALSE,TRUE,79,25,1,7
10,128,8,881,50,10,3700,61,167,528,2022,FALSE,FALSE,TRUE,FALSE,FALSE,FALSE,FALSE,FALSE,FALSE,FALSE,FALSE,TRUE,79,25,1,8
3,256,6,794,12,12,3065,61,204,999,2021,TRUE,FALSE,FALSE,FALSE,FALSE,FALSE,FALSE,FALSE,FALSE,FALSE,TRUE,FALSE,79,25,1,9
23,256,8,981,50,32,4700,67,215,872,2022,FALSE,FALSE,FALSE,FALSE,FALSE,FALSE,TRUE,FALSE,FALSE,FALSE,FALSE,TRUE,79,25,1,8
32,64,4,135,50,8,5000,65,203,189,2022,FALSE,FALSE,FALSE,FALSE,FALSE,FALSE,FALSE,FALSE,FALSE,TRUE,FALSE,TRUE,79,25,1,7
31,32,3,102,13,5,4000,65,188,129,2021,FALSE,FALSE,FALSE,FALSE,FALSE,FALSE,FALSE,FALSE,FALSE,TRUE,FALSE,TRUE,79,25,1,5
14,256,12,635,12,4,4400,76,271,1799,2021,FALSE,FALSE,TRUE,FALSE,FALSE,FALSE,FALSE,FALSE,FALSE,FALSE,FALSE,TRUE,79,25,1,7
5,64,3,422,12,7,2942,61,194,236,2018,TRUE,FALSE,FALSE,FALSE,FALSE,FALSE,FALSE,FALSE,FALSE,FALSE,TRUE,FALSE,79,25,1,6
7,32,3,136,50,8,5000,66,196,154,2022,FALSE,FALSE,TRUE,FALSE,FALSE,FALSE,FALSE,FALSE,FALSE,FALSE,FALSE,TRUE,80,25,1,8
19,128,8,604,50,32,4500,64,190,379,2022,FALSE,FALSE,FALSE,FALSE,TRUE,FALSE,FALSE,FALSE,FALSE,FALSE,FALSE,TRUE,80,25,1,7
30,32,3,142,13,5,5000,65,204,159,2021,FALSE,FALSE,FALSE,FALSE,FALSE,FALSE,FALSE,FALSE,FALSE,TRUE,FALSE,TRUE,80,25,1,8
9,128,6,379,64,32,5000,65,189,312,2022,FALSE,FALSE,TRUE,FALSE,FALSE,FALSE,FALSE,FALSE,FALSE,FALSE,FALSE,TRUE,80,25,1,9
28,512,12,682,12,8,4000,65,225,1998,2021,FALSE,FALSE,FALSE,FALSE,FALSE,FALSE,FALSE,FALSE,TRUE,FALSE,FALSE,TRUE,80,25,1,9
31,32,3,102,13,5,4000,65,188,129,2021,FALSE,FALSE,FALSE,FALSE,FALSE,FALSE,FALSE,FALSE,FALSE,TRUE,FALSE,TRUE,80,25,1,8
22,256,12,1011,50,32,5000,67,218,987,2022,FALSE,FALSE,FALSE,FALSE,FALSE,TRUE,FALSE,FALSE,FALSE,FALSE,FALSE,TRUE,80,25,1,10
5,64,3,422,12,7,2942,61,194,236,2018,TRUE,FALSE,FALSE,FALSE,FALSE,FALSE,FALSE,FALSE,FALSE,FALSE,TRUE,FALSE,80,25,1,7
8,64,4,220,48,13,5000,65,205,199,2021,FALSE,FALSE,TRUE,FALSE,FALSE,FALSE,FALSE,FALSE,FALSE,FALSE,FALSE,TRUE,80,25,1,8
2,128,4,775,12,12,3240,61,174,699,2021,TRUE,FALSE,FALSE,FALSE,FALSE,FALSE,FALSE,FALSE,FALSE,FALSE,TRUE,FALSE,80,25,1,9
25,256,8,759,108,16,5000,66,204,435,2021,FALSE,FALSE,FALSE,FALSE,FALSE,FALSE,FALSE,TRUE,FALSE,FALSE,FALSE,TRUE,84,33,1,1
2,128,4,775,12,12,3240,61,174,699,2021,TRUE,FALSE,FALSE,FALSE,FALSE,FALSE,FALSE,FALSE,FALSE,FALSE,TRUE,FALSE,84,33,1,10
31,32,3,102,13,5,4000,65,188,129,2021,FALSE,FALSE,FALSE,FALSE,FALSE,FALSE,FALSE,FALSE,FALSE,TRUE,FALSE,TRUE,84,33,1,9
28,512,12,682,12,8,4000,65,225,1998,2021,FALSE,FALSE,FALSE,FALSE,FALSE,FALSE,FALSE,FALSE,TRUE,FALSE,FALSE,TRUE,84,33,1,10
21,128,8,1100,50,16,4800,67,204,649,2022,FALSE,FALSE,FALSE,FALSE,TRUE,FALSE,FALSE,FALSE,FALSE,FALSE,FALSE,TRUE,84,33,1,1
7,32,3,136,50,8,5000,66,196,154,2022,FALSE,FALSE,TRUE,FALSE,FALSE,FALSE,FALSE,FALSE,FALSE,FALSE,FALSE,TRUE,84,33,1,10
30,32,3,142,13,5,5000,65,204,159,2021,FALSE,FALSE,FALSE,FALSE,FALSE,FALSE,FALSE,FALSE,FALSE,TRUE,FALSE,TRUE,84,33,1,9
14,256,12,635,12,4,4400,76,271,1799,2021,FALSE,FALSE,TRUE,FALSE,FALSE,FALSE,FALSE,FALSE,FALSE,FALSE,FALSE,TRUE,84,33,1,10
17,128,12,719,50,11,5003,67,210,699,2021,FALSE,FALSE,FALSE,TRUE,FALSE,FALSE,FALSE,FALSE,FALSE,FALSE,FALSE,TRUE,84,33,1,9
26,128,8,985,50,32,4600,67,204,618,2021,FALSE,FALSE,FALSE,FALSE,FALSE,FALSE,FALSE,TRUE,FALSE,FALSE,FALSE,TRUE,84,33,1,1
18,128,6,380,64,16,4500,64,173,299,2022,FALSE,FALSE,FALSE,FALSE,TRUE,FALSE,FALSE,FALSE,FALSE,FALSE,FALSE,TRUE,85,33,0,1
30,32,3,142,13,5,5000,65,204,159,2021,FALSE,FALSE,FALSE,FALSE,FALSE,FALSE,FALSE,FALSE,FALSE,TRUE,FALSE,TRUE,85,33,0,1
25,256,8,759,108,16,5000,66,204,435,2021,FALSE,FALSE,FALSE,FALSE,FALSE,FALSE,FALSE,TRUE,FALSE,FALSE,FALSE,TRUE,85,33,0,1
1,128,4,772,12,12,2438,54,141,699,2021,TRUE,FALSE,FALSE,FALSE,FALSE,FALSE,FALSE,FALSE,FALSE,FALSE,TRUE,FALSE,85,33,0,10
15,128,8,676,50,8,4614,64,207,499,2021,FALSE,FALSE,FALSE,TRUE,FALSE,FALSE,FALSE,FALSE,FALSE,FALSE,FALSE,TRUE,85,33,0,1
2,128,4,775,12,12,3240,61,174,699,2021,TRUE,FALSE,FALSE,FALSE,FALSE,FALSE,FALSE,FALSE,FALSE,FALSE,TRUE,FALSE,85,33,0,10
4,256,6,801,12,12,4352,67,240,1199,2021,TRUE,FALSE,FALSE,FALSE,FALSE,FALSE,FALSE,FALSE,FALSE,FALSE,TRUE,FALSE,85,33,0,10
14,256,12,635,12,4,4400,76,271,1799,2021,FALSE,FALSE,TRUE,FALSE,FALSE,FALSE,FALSE,FALSE,FALSE,FALSE,FALSE,TRUE,85,33,0,1
17,128,12,719,50,11,5003,67,210,699,2021,FALSE,FALSE,FALSE,TRUE,FALSE,FALSE,FALSE,FALSE,FALSE,FALSE,FALSE,TRUE,85,33,0,1
21,128,8,1100,50,16,4800,67,204,649,2022,FALSE,FALSE,FALSE,FALSE,TRUE,FALSE,FALSE,FALSE,FALSE,FALSE,FALSE,TRUE,85,33,0,1
31,32,3,102,13,5,4000,65,188,129,2021,FALSE,FALSE,FALSE,FALSE,FALSE,FALSE,FALSE,FALSE,FALSE,TRUE,FALSE,TRUE,91,34,1,8
16,128,6,688,12,8,4410,61,178,449,2021,FALSE,FALSE,FALSE,TRUE,FALSE,FALSE,FALSE,FALSE,FALSE,FALSE,FALSE,TRUE,91,34,1,7
1,128,4,772,12,12,2438,54,141,699,2021,TRUE,FALSE,FALSE,FALSE,FALSE,FALSE,FALSE,FALSE,FALSE,FALSE,TRUE,FALSE,91,34,1,9
2,128,4,775,12,12,3240,61,174,699,2021,TRUE,FALSE,FALSE,FALSE,FALSE,FALSE,FALSE,FALSE,FALSE,FALSE,TRUE,FALSE,91,34,1,9
15,128,8,676,50,8,4614,64,207,499,2021,FALSE,FALSE,FALSE,TRUE,FALSE,FALSE,FALSE,FALSE,FALSE,FALSE,FALSE,TRUE,91,34,1,6
22,256,12,1011,50,32,5000,67,218,987,2022,FALSE,FALSE,FALSE,FALSE,FALSE,TRUE,FALSE,FALSE,FALSE,FALSE,FALSE,TRUE,91,34,1,5
19,128,8,604,50,32,4500,64,190,379,2022,FALSE,FALSE,FALSE,FALSE,TRUE,FALSE,FALSE,FALSE,FALSE,FALSE,FALSE,TRUE,91,34,1,8
21,128,8,1100,50,16,4800,67,204,649,2022,FALSE,FALSE,FALSE,FALSE,TRUE,FALSE,FALSE,FALSE,FALSE,FALSE,FALSE,TRUE,91,34,1,8
12,128,8,968,108,40,5000,68,228,840,2022,FALSE,FALSE,TRUE,FALSE,FALSE,FALSE,FALSE,FALSE,FALSE,FALSE,FALSE,TRUE,91,34,1,9
11,128,8,722,50,10,4500,66,195,899,2022,FALSE,FALSE,TRUE,FALSE,FALSE,FALSE,FALSE,FALSE,FALSE,FALSE,FALSE,TRUE,91,34,1,7
17,128,12,719,50,11,5003,67,210,699,2021,FALSE,FALSE,FALSE,TRUE,FALSE,FALSE,FALSE,FALSE,FALSE,FALSE,FALSE,TRUE,95,28,1,9
22,256,12,1011,50,32,5000,67,218,987,2022,FALSE,FALSE,FALSE,FALSE,FALSE,TRUE,FALSE,FALSE,FALSE,FALSE,FALSE,TRUE,95,28,1,10
30,32,3,142,13,5,5000,65,204,159,2021,FALSE,FALSE,FALSE,FALSE,FALSE,FALSE,FALSE,FALSE,FALSE,TRUE,FALSE,TRUE,95,28,1,5
25,256,8,759,108,16,5000,66,204,435,2021,FALSE,FALSE,FALSE,FALSE,FALSE,FALSE,FALSE,TRUE,FALSE,FALSE,FALSE,TRUE,95,28,1,9
29,128,6,229,50,16,5000,68,215,500,2022,FALSE,FALSE,FALSE,FALSE,FALSE,FALSE,FALSE,FALSE,FALSE,TRUE,FALSE,TRUE,95,28,1,6
27,128,8,698,64,20,4500,66,195,428,2022,FALSE,FALSE,FALSE,FALSE,FALSE,FALSE,FALSE,TRUE,FALSE,FALSE,FALSE,TRUE,95,28,1,7
6,128,8,676,64,12,4000,59,169,599,2021,FALSE,TRUE,FALSE,FALSE,FALSE,FALSE,FALSE,FALSE,FALSE,FALSE,FALSE,TRUE,95,28,1,7
32,64,4,135,50,8,5000,65,203,189,2022,FALSE,FALSE,FALSE,FALSE,FALSE,FALSE,FALSE,FALSE,FALSE,TRUE,FALSE,TRUE,95,28,1,4
15,128,8,676,50,8,4614,64,207,499,2021,FALSE,FALSE,FALSE,TRUE,FALSE,FALSE,FALSE,FALSE,FALSE,FALSE,FALSE,TRUE,95,28,1,5
5,64,3,422,12,7,2942,61,194,236,2018,TRUE,FALSE,FALSE,FALSE,FALSE,FALSE,FALSE,FALSE,FALSE,FALSE,TRUE,FALSE,95,28,1,5
0,128,4,723,12,7,2018,47,144,429,2022,TRUE,FALSE,FALSE,FALSE,FALSE,FALSE,FALSE,FALSE,FALSE,FALSE,TRUE,FALSE,98,25,0,10
2,128,4,775,12,12,3240,61,174,699,2021,TRUE,FALSE,FALSE,FALSE,FALSE,FALSE,FALSE,FALSE,FALSE,FALSE,TRUE,FALSE,98,25,0,9
12,128,8,968,108,40,5000,68,228,840,2022,FALSE,FALSE,TRUE,FALSE,FALSE,FALSE,FALSE,FALSE,FALSE,FALSE,FALSE,TRUE,98,25,0,9
20,128,8,886,48,32,5000,67,201,780,2022,FALSE,FALSE,FALSE,FALSE,TRUE,FALSE,FALSE,FALSE,FALSE,FALSE,FALSE,TRUE,98,25,0,7
24,128,4,244,50,13,5000,64,179,174,2022,FALSE,FALSE,FALSE,FALSE,FALSE,FALSE,FALSE,TRUE,FALSE,FALSE,FALSE,TRUE,98,25,0,8
8,64,4,220,48,13,5000,65,205,199,2021,FALSE,FALSE,TRUE,FALSE,FALSE,FALSE,FALSE,FALSE,FALSE,FALSE,FALSE,TRUE,98,25,0,9
9,128,6,379,64,32,5000,65,189,312,2022,FALSE,FALSE,TRUE,FALSE,FALSE,FALSE,FALSE,FALSE,FALSE,FALSE,FALSE,TRUE,98,25,0,8
32,64,4,135,50,8,5000,65,203,189,2022,FALSE,FALSE,FALSE,FALSE,FALSE,FALSE,FALSE,FALSE,FALSE,TRUE,FALSE,TRUE,98,25,0,6
10,128,8,881,50,10,3700,61,167,528,2022,FALSE,FALSE,TRUE,FALSE,FALSE,FALSE,FALSE,FALSE,FALSE,FALSE,FALSE,TRUE,98,25,0,9
7,32,3,136,50,8,5000,66,196,154,2022,FALSE,FALSE,TRUE,FALSE,FALSE,FALSE,FALSE,FALSE,FALSE,FALSE,FALSE,TRUE,98,25,0,8
17,128,12,719,50,11,5003,67,210,699,2021,FALSE,FALSE,FALSE,TRUE,FALSE,FALSE,FALSE,FALSE,FALSE,FALSE,FALSE,TRUE,99,30,1,10
26,128,8,985,50,32,4600,67,204,618,2021,FALSE,FALSE,FALSE,FALSE,FALSE,FALSE,FALSE,TRUE,FALSE,FALSE,FALSE,TRUE,99,30,1,9
13,128,8,596,12,10,3300,67,183,899,2021,FALSE,FALSE,TRUE,FALSE,FALSE,FALSE,FALSE,FALSE,FALSE,FALSE,FALSE,TRUE,99,30,1,10
22,256,12,1011,50,32,5000,67,218,987,2022,FALSE,FALSE,FALSE,FALSE,FALSE,TRUE,FALSE,FALSE,FALSE,FALSE,FALSE,TRUE,99,30,1,10
21,128,8,1100,50,16,4800,67,204,649,2022,FALSE,FALSE,FALSE,FALSE,TRUE,FALSE,FALSE,FALSE,FALSE,FALSE,FALSE,TRUE,99,30,1,9
4,256,6,801,12,12,4352,67,240,1199,2021,TRUE,FALSE,FALSE,FALSE,FALSE,FALSE,FALSE,FALSE,FALSE,FALSE,TRUE,FALSE,99,30,1,10
8,64,4,220,48,13,5000,65,205,199,2021,FALSE,FALSE,TRUE,FALSE,FALSE,FALSE,FALSE,FALSE,FALSE,FALSE,FALSE,TRUE,99,30,1,9
3,256,6,794,12,12,3065,61,204,999,2021,TRUE,FALSE,FALSE,FALSE,FALSE,FALSE,FALSE,FALSE,FALSE,FALSE,TRUE,FALSE,99,30,1,10
25,256,8,759,108,16,5000,66,204,435,2021,FALSE,FALSE,FALSE,FALSE,FALSE,FALSE,FALSE,TRUE,FALSE,FALSE,FALSE,TRUE,99,30,1,10
30,32,3,142,13,5,5000,65,204,159,2021,FALSE,FALSE,FALSE,FALSE,FALSE,FALSE,FALSE,FALSE,FALSE,TRUE,FALSE,TRUE,99,30,1,10
20,128,8,886,48,32,5000,67,201,780,2022,FALSE,FALSE,FALSE,FALSE,TRUE,FALSE,FALSE,FALSE,FALSE,FALSE,FALSE,TRUE,100,43,0,10
27,128,8,698,64,20,4500,66,195,428,2022,FALSE,FALSE,FALSE,FALSE,FALSE,FALSE,FALSE,TRUE,FALSE,FALSE,FALSE,TRUE,100,43,0,9
24,128,4,244,50,13,5000,64,179,174,2022,FALSE,FALSE,FALSE,FALSE,FALSE,FALSE,FALSE,TRUE,FALSE,FALSE,FALSE,TRUE,100,43,0,8
30,32,3,142,13,5,5000,65,204,159,2021,FALSE,FALSE,FALSE,FALSE,FALSE,FALSE,FALSE,FALSE,FALSE,TRUE,FALSE,TRUE,100,43,0,8
29,128,6,229,50,16,5000,68,215,500,2022,FALSE,FALSE,FALSE,FALSE,FALSE,FALSE,FALSE,FALSE,FALSE,TRUE,FALSE,TRUE,100,43,0,8
8,64,4,220,48,13,5000,65,205,199,2021,FALSE,FALSE,TRUE,FALSE,FALSE,FALSE,FALSE,FALSE,FALSE,FALSE,FALSE,TRUE,100,43,0,10
26,128,8,985,50,32,4600,67,204,618,2021,FALSE,FALSE,FALSE,FALSE,FALSE,FALSE,FALSE,TRUE,FALSE,FALSE,FALSE,TRUE,100,43,0,8
7,32,3,136,50,8,5000,66,196,154,2022,FALSE,FALSE,TRUE,FALSE,FALSE,FALSE,FALSE,FALSE,FALSE,FALSE,FALSE,TRUE,100,43,0,9
13,128,8,596,12,10,3300,67,183,899,2021,FALSE,FALSE,TRUE,FALSE,FALSE,FALSE,FALSE,FALSE,FALSE,FALSE,FALSE,TRUE,100,43,0,10
10,128,8,881,50,10,3700,61,167,528,2022,FALSE,FALSE,TRUE,FALSE,FALSE,FALSE,FALSE,FALSE,FALSE,FALSE,FALSE,TRUE,100,43,0,9
30,32,3,142,13,5,5000,65,204,159,2021,FALSE,FALSE,FALSE,FALSE,FALSE,FALSE,FALSE,FALSE,FALSE,TRUE,FALSE,TRUE,104,32,1,6
24,128,4,244,50,13,5000,64,179,174,2022,FALSE,FALSE,FALSE,FALSE,FALSE,FALSE,FALSE,TRUE,FALSE,FALSE,FALSE,TRUE,104,32,1,7
13,128,8,596,12,10,3300,67,183,899,2021,FALSE,FALSE,TRUE,FALSE,FALSE,FALSE,FALSE,FALSE,FALSE,FALSE,FALSE,TRUE,104,32,1,8
12,128,8,968,108,40,5000,68,228,840,2022,FALSE,FALSE,TRUE,FALSE,FALSE,FALSE,FALSE,FALSE,FALSE,FALSE,FALSE,TRUE,104,32,1,9
15,128,8,676,50,8,4614,64,207,499,2021,FALSE,FALSE,FALSE,TRUE,FALSE,FALSE,FALSE,FALSE,FALSE,FALSE,FALSE,TRUE,104,32,1,8
11,128,8,722,50,10,4500,66,195,899,2022,FALSE,FALSE,TRUE,FALSE,FALSE,FALSE,FALSE,FALSE,FALSE,FALSE,FALSE,TRUE,104,32,1,10
28,512,12,682,12,8,4000,65,225,1998,2021,FALSE,FALSE,FALSE,FALSE,FALSE,FALSE,FALSE,FALSE,TRUE,FALSE,FALSE,TRUE,104,32,1,10
31,32,3,102,13,5,4000,65,188,129,2021,FALSE,FALSE,FALSE,FALSE,FALSE,FALSE,FALSE,FALSE,FALSE,TRUE,FALSE,TRUE,104,32,1,10
27,128,8,698,64,20,4500,66,195,428,2022,FALSE,FALSE,FALSE,FALSE,FALSE,FALSE,FALSE,TRUE,FALSE,FALSE,FALSE,TRUE,104,32,1,8
16,128,6,688,12,8,4410,61,178,449,2021,FALSE,FALSE,FALSE,TRUE,FALSE,FALSE,FALSE,FALSE,FALSE,FALSE,FALSE,TRUE,104,32,1,10
17,128,12,719,50,11,5003,67,210,699,2021,FALSE,FALSE,FALSE,TRUE,FALSE,FALSE,FALSE,FALSE,FALSE,FALSE,FALSE,TRUE,105,25,0,8
18,128,6,380,64,16,4500,64,173,299,2022,FALSE,FALSE,FALSE,FALSE,TRUE,FALSE,FALSE,FALSE,FALSE,FALSE,FALSE,TRUE,105,25,0,7
4,256,6,801,12,12,4352,67,240,1199,2021,TRUE,FALSE,FALSE,FALSE,FALSE,FALSE,FALSE,FALSE,FALSE,FALSE,TRUE,FALSE,105,25,0,10
19,128,8,604,50,32,4500,64,190,379,2022,FALSE,FALSE,FALSE,FALSE,TRUE,FALSE,FALSE,FALSE,FALSE,FALSE,FALSE,TRUE,105,25,0,6
9,128,6,379,64,32,5000,65,189,312,2022,FALSE,FALSE,TRUE,FALSE,FALSE,FALSE,FALSE,FALSE,FALSE,FALSE,FALSE,TRUE,105,25,0,8
12,128,8,968,108,40,5000,68,228,840,2022,FALSE,FALSE,TRUE,FALSE,FALSE,FALSE,FALSE,FALSE,FALSE,FALSE,FALSE,TRUE,105,25,0,9
14,256,12,635,12,4,4400,76,271,1799,2021,FALSE,FALSE,TRUE,FALSE,FALSE,FALSE,FALSE,FALSE,FALSE,FALSE,FALSE,TRUE,105,25,0,9
22,256,12,1011,50,32,5000,67,218,987,2022,FALSE,FALSE,FALSE,FALSE,FALSE,TRUE,FALSE,FALSE,FALSE,FALSE,FALSE,TRUE,105,25,0,8
7,32,3,136,50,8,5000,66,196,154,2022,FALSE,FALSE,TRUE,FALSE,FALSE,FALSE,FALSE,FALSE,FALSE,FALSE,FALSE,TRUE,105,25,0,9
20,128,8,886,48,32,5000,67,201,780,2022,FALSE,FALSE,FALSE,FALSE,TRUE,FALSE,FALSE,FALSE,FALSE,FALSE,FALSE,TRUE,105,25,0,10
24,128,4,244,50,13,5000,64,179,174,2022,FALSE,FALSE,FALSE,FALSE,FALSE,FALSE,FALSE,TRUE,FALSE,FALSE,FALSE,TRUE,106,32,1,7
20,128,8,886,48,32,5000,67,201,780,2022,FALSE,FALSE,FALSE,FALSE,TRUE,FALSE,FALSE,FALSE,FALSE,FALSE,FALSE,TRUE,106,32,1,6
15,128,8,676,50,8,4614,64,207,499,2021,FALSE,FALSE,FALSE,TRUE,FALSE,FALSE,FALSE,FALSE,FALSE,FALSE,FALSE,TRUE,106,32,1,7
14,256,12,635,12,4,4400,76,271,1799,2021,FALSE,FALSE,TRUE,FALSE,FALSE,FALSE,FALSE,FALSE,FALSE,FALSE,FALSE,TRUE,106,32,1,8
4,256,6,801,12,12,4352,67,240,1199,2021,TRUE,FALSE,FALSE,FALSE,FALSE,FALSE,FALSE,FALSE,FALSE,FALSE,TRUE,FALSE,106,32,1,6
26,128,8,985,50,32,4600,67,204,618,2021,FALSE,FALSE,FALSE,FALSE,FALSE,FALSE,FALSE,TRUE,FALSE,FALSE,FALSE,TRUE,106,32,1,7
18,128,6,380,64,16,4500,64,173,299,2022,FALSE,FALSE,FALSE,FALSE,TRUE,FALSE,FALSE,FALSE,FALSE,FALSE,FALSE,TRUE,106,32,1,5
5,64,3,422,12,7,2942,61,194,236,2018,TRUE,FALSE,FALSE,FALSE,FALSE,FALSE,FALSE,FALSE,FALSE,FALSE,TRUE,FALSE,106,32,1,6
12,128,8,968,108,40,5000,68,228,840,2022,FALSE,FALSE,TRUE,FALSE,FALSE,FALSE,FALSE,FALSE,FALSE,FALSE,FALSE,TRUE,106,32,1,8
16,128,6,688,12,8,4410,61,178,449,2021,FALSE,FALSE,FALSE,TRUE,FALSE,FALSE,FALSE,FALSE,FALSE,FALSE,FALSE,TRUE,106,32,1,7
8,64,4,220,48,13,5000,65,205,199,2021,FALSE,FALSE,TRUE,FALSE,FALSE,FALSE,FALSE,FALSE,FALSE,FALSE,FALSE,TRUE,110,36,1,2
12,128,8,968,108,40,5000,68,228,840,2022,FALSE,FALSE,TRUE,FALSE,FALSE,FALSE,FALSE,FALSE,FALSE,FALSE,FALSE,TRUE,110,36,1,6
27,128,8,698,64,20,4500,66,195,428,2022,FALSE,FALSE,FALSE,FALSE,FALSE,FALSE,FALSE,TRUE,FALSE,FALSE,FALSE,TRUE,110,36,1,1
31,32,3,102,13,5,4000,65,188,129,2021,FALSE,FALSE,FALSE,FALSE,FALSE,FALSE,FALSE,FALSE,FALSE,TRUE,FALSE,TRUE,110,36,1,2
24,128,4,244,50,13,5000,64,179,174,2022,FALSE,FALSE,FALSE,FALSE,FALSE,FALSE,FALSE,TRUE,FALSE,FALSE,FALSE,TRUE,110,36,1,1
5,64,3,422,12,7,2942,61,194,236,2018,TRUE,FALSE,FALSE,FALSE,FALSE,FALSE,FALSE,FALSE,FALSE,FALSE,TRUE,FALSE,110,36,1,2
3,256,6,794,12,12,3065,61,204,999,2021,TRUE,FALSE,FALSE,FALSE,FALSE,FALSE,FALSE,FALSE,FALSE,FALSE,TRUE,FALSE,110,36,1,3
29,128,6,229,50,16,5000,68,215,500,2022,FALSE,FALSE,FALSE,FALSE,FALSE,FALSE,FALSE,FALSE,FALSE,TRUE,FALSE,TRUE,110,36,1,6
9,128,6,379,64,32,5000,65,189,312,2022,FALSE,FALSE,TRUE,FALSE,FALSE,FALSE,FALSE,FALSE,FALSE,FALSE,FALSE,TRUE,110,36,1,7
14,256,12,635,12,4,4400,76,271,1799,2021,FALSE,FALSE,TRUE,FALSE,FALSE,FALSE,FALSE,FALSE,FALSE,FALSE,FALSE,TRUE,110,36,1,1
14,256,12,635,12,4,4400,76,271,1799,2021,FALSE,FALSE,TRUE,FALSE,FALSE,FALSE,FALSE,FALSE,FALSE,FALSE,FALSE,TRUE,113,56,0,5
1,128,4,772,12,12,2438,54,141,699,2021,TRUE,FALSE,FALSE,FALSE,FALSE,FALSE,FALSE,FALSE,FALSE,FALSE,TRUE,FALSE,113,56,0,5
29,128,6,229,50,16,5000,68,215,500,2022,FALSE,FALSE,FALSE,FALSE,FALSE,FALSE,FALSE,FALSE,FALSE,TRUE,FALSE,TRUE,113,56,0,2
27,128,8,698,64,20,4500,66,195,428,2022,FALSE,FALSE,FALSE,FALSE,FALSE,FALSE,FALSE,TRUE,FALSE,FALSE,FALSE,TRUE,113,56,0,1
3,256,6,794,12,12,3065,61,204,999,2021,TRUE,FALSE,FALSE,FALSE,FALSE,FALSE,FALSE,FALSE,FALSE,FALSE,TRUE,FALSE,113,56,0,10
26,128,8,985,50,32,4600,67,204,618,2021,FALSE,FALSE,FALSE,FALSE,FALSE,FALSE,FALSE,TRUE,FALSE,FALSE,FALSE,TRUE,113,56,0,1
7,32,3,136,50,8,5000,66,196,154,2022,FALSE,FALSE,TRUE,FALSE,FALSE,FALSE,FALSE,FALSE,FALSE,FALSE,FALSE,TRUE,113,56,0,10
21,128,8,1100,50,16,4800,67,204,649,2022,FALSE,FALSE,FALSE,FALSE,TRUE,FALSE,FALSE,FALSE,FALSE,FALSE,FALSE,TRUE,113,56,0,1
15,128,8,676,50,8,4614,64,207,499,2021,FALSE,FALSE,FALSE,TRUE,FALSE,FALSE,FALSE,FALSE,FALSE,FALSE,FALSE,TRUE,113,56,0,6
4,256,6,801,12,12,4352,67,240,1199,2021,TRUE,FALSE,FALSE,FALSE,FALSE,FALSE,FALSE,FALSE,FALSE,FALSE,TRUE,FALSE,113,56,0,10
3,256,6,794,12,12,3065,61,204,999,2021,TRUE,FALSE,FALSE,FALSE,FALSE,FALSE,FALSE,FALSE,FALSE,FALSE,TRUE,FALSE,114,46,1,7
22,256,12,1011,50,32,5000,67,218,987,2022,FALSE,FALSE,FALSE,FALSE,FALSE,TRUE,FALSE,FALSE,FALSE,FALSE,FALSE,TRUE,114,46,1,8
28,512,12,682,12,8,4000,65,225,1998,2021,FALSE,FALSE,FALSE,FALSE,FALSE,FALSE,FALSE,FALSE,TRUE,FALSE,FALSE,TRUE,114,46,1,7
24,128,4,244,50,13,5000,64,179,174,2022,FALSE,FALSE,FALSE,FALSE,FALSE,FALSE,FALSE,TRUE,FALSE,FALSE,FALSE,TRUE,114,46,1,6
8,64,4,220,48,13,5000,65,205,199,2021,FALSE,FALSE,TRUE,FALSE,FALSE,FALSE,FALSE,FALSE,FALSE,FALSE,FALSE,TRUE,114,46,1,6
29,128,6,229,50,16,5000,68,215,500,2022,FALSE,FALSE,FALSE,FALSE,FALSE,FALSE,FALSE,FALSE,FALSE,TRUE,FALSE,TRUE,114,46,1,6
4,256,6,801,12,12,4352,67,240,1199,2021,TRUE,FALSE,FALSE,FALSE,FALSE,FALSE,FALSE,FALSE,FALSE,FALSE,TRUE,FALSE,114,46,1,7
25,256,8,759,108,16,5000,66,204,435,2021,FALSE,FALSE,FALSE,FALSE,FALSE,FALSE,FALSE,TRUE,FALSE,FALSE,FALSE,TRUE,114,46,1,8
12,128,8,968,108,40,5000,68,228,840,2022,FALSE,FALSE,TRUE,FALSE,FALSE,FALSE,FALSE,FALSE,FALSE,FALSE,FALSE,TRUE,114,46,1,9
26,128,8,985,50,32,4600,67,204,618,2021,FALSE,FALSE,FALSE,FALSE,FALSE,FALSE,FALSE,TRUE,FALSE,FALSE,FALSE,TRUE,114,46,1,8
7,32,3,136,50,8,5000,66,196,154,2022,FALSE,FALSE,TRUE,FALSE,FALSE,FALSE,FALSE,FALSE,FALSE,FALSE,FALSE,TRUE,115,37,0,1
25,256,8,759,108,16,5000,66,204,435,2021,FALSE,FALSE,FALSE,FALSE,FALSE,FALSE,FALSE,TRUE,FALSE,FALSE,FALSE,TRUE,115,37,0,10
3,256,6,794,12,12,3065,61,204,999,2021,TRUE,FALSE,FALSE,FALSE,FALSE,FALSE,FALSE,FALSE,FALSE,FALSE,TRUE,FALSE,115,37,0,7
6,128,8,676,64,12,4000,59,169,599,2021,FALSE,TRUE,FALSE,FALSE,FALSE,FALSE,FALSE,FALSE,FALSE,FALSE,FALSE,TRUE,115,37,0,7
11,128,8,722,50,10,4500,66,195,899,2022,FALSE,FALSE,TRUE,FALSE,FALSE,FALSE,FALSE,FALSE,FALSE,FALSE,FALSE,TRUE,115,37,0,9
2,128,4,775,12,12,3240,61,174,699,2021,TRUE,FALSE,FALSE,FALSE,FALSE,FALSE,FALSE,FALSE,FALSE,FALSE,TRUE,FALSE,115,37,0,6
13,128,8,596,12,10,3300,67,183,899,2021,FALSE,FALSE,TRUE,FALSE,FALSE,FALSE,FALSE,FALSE,FALSE,FALSE,FALSE,TRUE,115,37,0,4
19,128,8,604,50,32,4500,64,190,379,2022,FALSE,FALSE,FALSE,FALSE,TRUE,FALSE,FALSE,FALSE,FALSE,FALSE,FALSE,TRUE,115,37,0,7
30,32,3,142,13,5,5000,65,204,159,2021,FALSE,FALSE,FALSE,FALSE,FALSE,FALSE,FALSE,FALSE,FALSE,TRUE,FALSE,TRUE,115,37,0,5
26,128,8,985,50,32,4600,67,204,618,2021,FALSE,FALSE,FALSE,FALSE,FALSE,FALSE,FALSE,TRUE,FALSE,FALSE,FALSE,TRUE,115,37,0,10
25,256,8,759,108,16,5000,66,204,435,2021,FALSE,FALSE,FALSE,FALSE,FALSE,FALSE,FALSE,TRUE,FALSE,FALSE,FALSE,TRUE,119,49,0,8
3,256,6,794,12,12,3065,61,204,999,2021,TRUE,FALSE,FALSE,FALSE,FALSE,FALSE,FALSE,FALSE,FALSE,FALSE,TRUE,FALSE,119,49,0,1
16,128,6,688,12,8,4410,61,178,449,2021,FALSE,FALSE,FALSE,TRUE,FALSE,FALSE,FALSE,FALSE,FALSE,FALSE,FALSE,TRUE,119,49,0,4
7,32,3,136,50,8,5000,66,196,154,2022,FALSE,FALSE,TRUE,FALSE,FALSE,FALSE,FALSE,FALSE,FALSE,FALSE,FALSE,TRUE,119,49,0,5
23,256,8,981,50,32,4700,67,215,872,2022,FALSE,FALSE,FALSE,FALSE,FALSE,FALSE,TRUE,FALSE,FALSE,FALSE,FALSE,TRUE,119,49,0,9
10,128,8,881,50,10,3700,61,167,528,2022,FALSE,FALSE,TRUE,FALSE,FALSE,FALSE,FALSE,FALSE,FALSE,FALSE,FALSE,TRUE,119,49,0,3
11,128,8,722,50,10,4500,66,195,899,2022,FALSE,FALSE,TRUE,FALSE,FALSE,FALSE,FALSE,FALSE,FALSE,FALSE,FALSE,TRUE,119,49,0,2
28,512,12,682,12,8,4000,65,225,1998,2021,FALSE,FALSE,FALSE,FALSE,FALSE,FALSE,FALSE,FALSE,TRUE,FALSE,FALSE,TRUE,119,49,0,10
19,128,8,604,50,32,4500,64,190,379,2022,FALSE,FALSE,FALSE,FALSE,TRUE,FALSE,FALSE,FALSE,FALSE,FALSE,FALSE,TRUE,119,49,0,7
15,128,8,676,50,8,4614,64,207,499,2021,FALSE,FALSE,FALSE,TRUE,FALSE,FALSE,FALSE,FALSE,FALSE,FALSE,FALSE,TRUE,119,49,0,6
8,64,4,220,48,13,5000,65,205,199,2021,FALSE,FALSE,TRUE,FALSE,FALSE,FALSE,FALSE,FALSE,FALSE,FALSE,FALSE,TRUE,120,50,0,10
7,32,3,136,50,8,5000,66,196,154,2022,FALSE,FALSE,TRUE,FALSE,FALSE,FALSE,FALSE,FALSE,FALSE,FALSE,FALSE,TRUE,120,50,0,8
9,128,6,379,64,32,5000,65,189,312,2022,FALSE,FALSE,TRUE,FALSE,FALSE,FALSE,FALSE,FALSE,FALSE,FALSE,FALSE,TRUE,120,50,0,6
25,256,8,759,108,16,5000,66,204,435,2021,FALSE,FALSE,FALSE,FALSE,FALSE,FALSE,FALSE,TRUE,FALSE,FALSE,FALSE,TRUE,120,50,0,5
30,32,3,142,13,5,5000,65,204,159,2021,FALSE,FALSE,FALSE,FALSE,FALSE,FALSE,FALSE,FALSE,FALSE,TRUE,FALSE,TRUE,120,50,0,6
29,128,6,229,50,16,5000,68,215,500,2022,FALSE,FALSE,FALSE,FALSE,FALSE,FALSE,FALSE,FALSE,FALSE,TRUE,FALSE,TRUE,120,50,0,10
17,128,12,719,50,11,5003,67,210,699,2021,FALSE,FALSE,FALSE,TRUE,FALSE,FALSE,FALSE,FALSE,FALSE,FALSE,FALSE,TRUE,120,50,0,8
20,128,8,886,48,32,5000,67,201,780,2022,FALSE,FALSE,FALSE,FALSE,TRUE,FALSE,FALSE,FALSE,FALSE,FALSE,FALSE,TRUE,120,50,0,8
21,128,8,1100,50,16,4800,67,204,649,2022,FALSE,FALSE,FALSE,FALSE,TRUE,FALSE,FALSE,FALSE,FALSE,FALSE,FALSE,TRUE,120,50,0,7
1,128,4,772,12,12,2438,54,141,699,2021,TRUE,FALSE,FALSE,FALSE,FALSE,FALSE,FALSE,FALSE,FALSE,FALSE,TRUE,FALSE,120,50,0,7
24,128,4,244,50,13,5000,64,179,174,2022,FALSE,FALSE,FALSE,FALSE,FALSE,FALSE,FALSE,TRUE,FALSE,FALSE,FALSE,TRUE,123,32,1,8
14,256,12,635,12,4,4400,76,271,1799,2021,FALSE,FALSE,TRUE,FALSE,FALSE,FALSE,FALSE,FALSE,FALSE,FALSE,FALSE,TRUE,123,32,1,7
19,128,8,604,50,32,4500,64,190,379,2022,FALSE,FALSE,FALSE,FALSE,TRUE,FALSE,FALSE,FALSE,FALSE,FALSE,FALSE,TRUE,123,32,1,7
3,256,6,794,12,12,3065,61,204,999,2021,TRUE,FALSE,FALSE,FALSE,FALSE,FALSE,FALSE,FALSE,FALSE,FALSE,TRUE,FALSE,123,32,1,8
8,64,4,220,48,13,5000,65,205,199,2021,FALSE,FALSE,TRUE,FALSE,FALSE,FALSE,FALSE,FALSE,FALSE,FALSE,FALSE,TRUE,123,32,1,7
12,128,8,968,108,40,5000,68,228,840,2022,FALSE,FALSE,TRUE,FALSE,FALSE,FALSE,FALSE,FALSE,FALSE,FALSE,FALSE,TRUE,123,32,1,8
29,128,6,229,50,16,5000,68,215,500,2022,FALSE,FALSE,FALSE,FALSE,FALSE,FALSE,FALSE,FALSE,FALSE,TRUE,FALSE,TRUE,123,32,1,7
2,128,4,775,12,12,3240,61,174,699,2021,TRUE,FALSE,FALSE,FALSE,FALSE,FALSE,FALSE,FALSE,FALSE,FALSE,TRUE,FALSE,123,32,1,6
31,32,3,102,13,5,4000,65,188,129,2021,FALSE,FALSE,FALSE,FALSE,FALSE,FALSE,FALSE,FALSE,FALSE,TRUE,FALSE,TRUE,123,32,1,7
26,128,8,985,50,32,4600,67,204,618,2021,FALSE,FALSE,FALSE,FALSE,FALSE,FALSE,FALSE,TRUE,FALSE,FALSE,FALSE,TRUE,123,32,1,7
18,128,6,380,64,16,4500,64,173,299,2022,FALSE,FALSE,FALSE,FALSE,TRUE,FALSE,FALSE,FALSE,FALSE,FALSE,FALSE,TRUE,124,50,0,6
19,128,8,604,50,32,4500,64,190,379,2022,FALSE,FALSE,FALSE,FALSE,TRUE,FALSE,FALSE,FALSE,FALSE,FALSE,FALSE,TRUE,124,50,0,9
14,256,12,635,12,4,4400,76,271,1799,2021,FALSE,FALSE,TRUE,FALSE,FALSE,FALSE,FALSE,FALSE,FALSE,FALSE,FALSE,TRUE,124,50,0,8
13,128,8,596,12,10,3300,67,183,899,2021,FALSE,FALSE,TRUE,FALSE,FALSE,FALSE,FALSE,FALSE,FALSE,FALSE,FALSE,TRUE,124,50,0,6
16,128,6,688,12,8,4410,61,178,449,2021,FALSE,FALSE,FALSE,TRUE,FALSE,FALSE,FALSE,FALSE,FALSE,FALSE,FALSE,TRUE,124,50,0,6
29,128,6,229,50,16,5000,68,215,500,2022,FALSE,FALSE,FALSE,FALSE,FALSE,FALSE,FALSE,FALSE,FALSE,TRUE,FALSE,TRUE,124,50,0,8
25,256,8,759,108,16,5000,66,204,435,2021,FALSE,FALSE,FALSE,FALSE,FALSE,FALSE,FALSE,TRUE,FALSE,FALSE,FALSE,TRUE,124,50,0,9
6,128,8,676,64,12,4000,59,169,599,2021,FALSE,TRUE,FALSE,FALSE,FALSE,FALSE,FALSE,FALSE,FALSE,FALSE,FALSE,TRUE,124,50,0,8
24,128,4,244,50,13,5000,64,179,174,2022,FALSE,FALSE,FALSE,FALSE,FALSE,FALSE,FALSE,TRUE,FALSE,FALSE,FALSE,TRUE,124,50,0,7
7,32,3,136,50,8,5000,66,196,154,2022,FALSE,FALSE,TRUE,FALSE,FALSE,FALSE,FALSE,FALSE,FALSE,FALSE,FALSE,TRUE,124,50,0,9
14,256,12,635,12,4,4400,76,271,1799,2021,FALSE,FALSE,TRUE,FALSE,FALSE,FALSE,FALSE,FALSE,FALSE,FALSE,FALSE,TRUE,126,27,0,9
18,128,6,380,64,16,4500,64,173,299,2022,FALSE,FALSE,FALSE,FALSE,TRUE,FALSE,FALSE,FALSE,FALSE,FALSE,FALSE,TRUE,126,27,0,7
10,128,8,881,50,10,3700,61,167,528,2022,FALSE,FALSE,TRUE,FALSE,FALSE,FALSE,FALSE,FALSE,FALSE,FALSE,FALSE,TRUE,126,27,0,8
1,128,4,772,12,12,2438,54,141,699,2021,TRUE,FALSE,FALSE,FALSE,FALSE,FALSE,FALSE,FALSE,FALSE,FALSE,TRUE,FALSE,126,27,0,7
4,256,6,801,12,12,4352,67,240,1199,2021,TRUE,FALSE,FALSE,FALSE,FALSE,FALSE,FALSE,FALSE,FALSE,FALSE,TRUE,FALSE,126,27,0,9
32,64,4,135,50,8,5000,65,203,189,2022,FALSE,FALSE,FALSE,FALSE,FALSE,FALSE,FALSE,FALSE,FALSE,TRUE,FALSE,TRUE,126,27,0,6
5,64,3,422,12,7,2942,61,194,236,2018,TRUE,FALSE,FALSE,FALSE,FALSE,FALSE,FALSE,FALSE,FALSE,FALSE,TRUE,FALSE,126,27,0,10
12,128,8,968,108,40,5000,68,228,840,2022,FALSE,FALSE,TRUE,FALSE,FALSE,FALSE,FALSE,FALSE,FALSE,FALSE,FALSE,TRUE,126,27,0,10
25,256,8,759,108,16,5000,66,204,435,2021,FALSE,FALSE,FALSE,FALSE,FALSE,FALSE,FALSE,TRUE,FALSE,FALSE,FALSE,TRUE,126,27,0,8
22,256,12,1011,50,32,5000,67,218,987,2022,FALSE,FALSE,FALSE,FALSE,FALSE,TRUE,FALSE,FALSE,FALSE,FALSE,FALSE,TRUE,126,27,0,8
24,128,4,244,50,13,5000,64,179,174,2022,FALSE,FALSE,FALSE,FALSE,FALSE,FALSE,FALSE,TRUE,FALSE,FALSE,FALSE,TRUE,128,50,0,5
14,256,12,635,12,4,4400,76,271,1799,2021,FALSE,FALSE,TRUE,FALSE,FALSE,FALSE,FALSE,FALSE,FALSE,FALSE,FALSE,TRUE,128,50,0,6
8,64,4,220,48,13,5000,65,205,199,2021,FALSE,FALSE,TRUE,FALSE,FALSE,FALSE,FALSE,FALSE,FALSE,FALSE,FALSE,TRUE,128,50,0,8
4,256,6,801,12,12,4352,67,240,1199,2021,TRUE,FALSE,FALSE,FALSE,FALSE,FALSE,FALSE,FALSE,FALSE,FALSE,TRUE,FALSE,128,50,0,6
6,128,8,676,64,12,4000,59,169,599,2021,FALSE,TRUE,FALSE,FALSE,FALSE,FALSE,FALSE,FALSE,FALSE,FALSE,FALSE,TRUE,128,50,0,5
13,128,8,596,12,10,3300,67,183,899,2021,FALSE,FALSE,TRUE,FALSE,FALSE,FALSE,FALSE,FALSE,FALSE,FALSE,FALSE,TRUE,128,50,0,4
23,256,8,981,50,32,4700,67,215,872,2022,FALSE,FALSE,FALSE,FALSE,FALSE,FALSE,TRUE,FALSE,FALSE,FALSE,FALSE,TRUE,128,50,0,8
28,512,12,682,12,8,4000,65,225,1998,2021,FALSE,FALSE,FALSE,FALSE,FALSE,FALSE,FALSE,FALSE,TRUE,FALSE,FALSE,TRUE,128,50,0,5
12,128,8,968,108,40,5000,68,228,840,2022,FALSE,FALSE,TRUE,FALSE,FALSE,FALSE,FALSE,FALSE,FALSE,FALSE,FALSE,TRUE,128,50,0,5
32,64,4,135,50,8,5000,65,203,189,2022,FALSE,FALSE,FALSE,FALSE,FALSE,FALSE,FALSE,FALSE,FALSE,TRUE,FALSE,TRUE,128,50,0,2
18,128,6,380,64,16,4500,64,173,299,2022,FALSE,FALSE,FALSE,FALSE,TRUE,FALSE,FALSE,FALSE,FALSE,FALSE,FALSE,TRUE,129,61,0,6
4,256,6,801,12,12,4352,67,240,1199,2021,TRUE,FALSE,FALSE,FALSE,FALSE,FALSE,FALSE,FALSE,FALSE,FALSE,TRUE,FALSE,129,61,0,8
27,128,8,698,64,20,4500,66,195,428,2022,FALSE,FALSE,FALSE,FALSE,FALSE,FALSE,FALSE,TRUE,FALSE,FALSE,FALSE,TRUE,129,61,0,9
9,128,6,379,64,32,5000,65,189,312,2022,FALSE,FALSE,TRUE,FALSE,FALSE,FALSE,FALSE,FALSE,FALSE,FALSE,FALSE,TRUE,129,61,0,10
26,128,8,985,50,32,4600,67,204,618,2021,FALSE,FALSE,FALSE,FALSE,FALSE,FALSE,FALSE,TRUE,FALSE,FALSE,FALSE,TRUE,129,61,0,7
5,64,3,422,12,7,2942,61,194,236,2018,TRUE,FALSE,FALSE,FALSE,FALSE,FALSE,FALSE,FALSE,FALSE,FALSE,TRUE,FALSE,129,61,0,9
31,32,3,102,13,5,4000,65,188,129,2021,FALSE,FALSE,FALSE,FALSE,FALSE,FALSE,FALSE,FALSE,FALSE,TRUE,FALSE,TRUE,129,61,0,7
21,128,8,1100,50,16,4800,67,204,649,2022,FALSE,FALSE,FALSE,FALSE,TRUE,FALSE,FALSE,FALSE,FALSE,FALSE,FALSE,TRUE,129,61,0,7
25,256,8,759,108,16,5000,66,204,435,2021,FALSE,FALSE,FALSE,FALSE,FALSE,FALSE,FALSE,TRUE,FALSE,FALSE,FALSE,TRUE,129,61,0,9
2,128,4,775,12,12,3240,61,174,699,2021,TRUE,FALSE,FALSE,FALSE,FALSE,FALSE,FALSE,FALSE,FALSE,FALSE,TRUE,FALSE,129,61,0,10
1,128,4,772,12,12,2438,54,141,699,2021,TRUE,FALSE,FALSE,FALSE,FALSE,FALSE,FALSE,FALSE,FALSE,FALSE,TRUE,FALSE,137,29,0,7
9,128,6,379,64,32,5000,65,189,312,2022,FALSE,FALSE,TRUE,FALSE,FALSE,FALSE,FALSE,FALSE,FALSE,FALSE,FALSE,TRUE,137,29,0,9
14,256,12,635,12,4,4400,76,271,1799,2021,FALSE,FALSE,TRUE,FALSE,FALSE,FALSE,FALSE,FALSE,FALSE,FALSE,FALSE,TRUE,137,29,0,9
16,128,6,688,12,8,4410,61,178,449,2021,FALSE,FALSE,FALSE,TRUE,FALSE,FALSE,FALSE,FALSE,FALSE,FALSE,FALSE,TRUE,137,29,0,7
31,32,3,102,13,5,4000,65,188,129,2021,FALSE,FALSE,FALSE,FALSE,FALSE,FALSE,FALSE,FALSE,FALSE,TRUE,FALSE,TRUE,137,29,0,10
25,256,8,759,108,16,5000,66,204,435,2021,FALSE,FALSE,FALSE,FALSE,FALSE,FALSE,FALSE,TRUE,FALSE,FALSE,FALSE,TRUE,137,29,0,8
32,64,4,135,50,8,5000,65,203,189,2022,FALSE,FALSE,FALSE,FALSE,FALSE,FALSE,FALSE,FALSE,FALSE,TRUE,FALSE,TRUE,137,29,0,10
22,256,12,1011,50,32,5000,67,218,987,2022,FALSE,FALSE,FALSE,FALSE,FALSE,TRUE,FALSE,FALSE,FALSE,FALSE,FALSE,TRUE,137,29,0,9
26,128,8,985,50,32,4600,67,204,618,2021,FALSE,FALSE,FALSE,FALSE,FALSE,FALSE,FALSE,TRUE,FALSE,FALSE,FALSE,TRUE,137,29,0,6
19,128,8,604,50,32,4500,64,190,379,2022,FALSE,FALSE,FALSE,FALSE,TRUE,FALSE,FALSE,FALSE,FALSE,FALSE,FALSE,TRUE,137,29,0,6
6,128,8,676,64,12,4000,59,169,599,2021,FALSE,TRUE,FALSE,FALSE,FALSE,FALSE,FALSE,FALSE,FALSE,FALSE,FALSE,TRUE,140,29,1,7
18,128,6,380,64,16,4500,64,173,299,2022,FALSE,FALSE,FALSE,FALSE,TRUE,FALSE,FALSE,FALSE,FALSE,FALSE,FALSE,TRUE,140,29,1,7
32,64,4,135,50,8,5000,65,203,189,2022,FALSE,FALSE,FALSE,FALSE,FALSE,FALSE,FALSE,FALSE,FALSE,TRUE,FALSE,TRUE,140,29,1,9
14,256,12,635,12,4,4400,76,271,1799,2021,FALSE,FALSE,TRUE,FALSE,FALSE,FALSE,FALSE,FALSE,FALSE,FALSE,FALSE,TRUE,140,29,1,8
20,128,8,886,48,32,5000,67,201,780,2022,FALSE,FALSE,FALSE,FALSE,TRUE,FALSE,FALSE,FALSE,FALSE,FALSE,FALSE,TRUE,140,29,1,10
19,128,8,604,50,32,4500,64,190,379,2022,FALSE,FALSE,FALSE,FALSE,TRUE,FALSE,FALSE,FALSE,FALSE,FALSE,FALSE,TRUE,140,29,1,9
11,128,8,722,50,10,4500,66,195,899,2022,FALSE,FALSE,TRUE,FALSE,FALSE,FALSE,FALSE,FALSE,FALSE,FALSE,FALSE,TRUE,140,29,1,9
3,256,6,794,12,12,3065,61,204,999,2021,TRUE,FALSE,FALSE,FALSE,FALSE,FALSE,FALSE,FALSE,FALSE,FALSE,TRUE,FALSE,140,29,1,8
15,128,8,676,50,8,4614,64,207,499,2021,FALSE,FALSE,FALSE,TRUE,FALSE,FALSE,FALSE,FALSE,FALSE,FALSE,FALSE,TRUE,140,29,1,8
13,128,8,596,12,10,3300,67,183,899,2021,FALSE,FALSE,TRUE,FALSE,FALSE,FALSE,FALSE,FALSE,FALSE,FALSE,FALSE,TRUE,140,29,1,10
31,32,3,102,13,5,4000,65,188,129,2021,FALSE,FALSE,FALSE,FALSE,FALSE,FALSE,FALSE,FALSE,FALSE,TRUE,FALSE,TRUE,142,32,1,7
22,256,12,1011,50,32,5000,67,218,987,2022,FALSE,FALSE,FALSE,FALSE,FALSE,TRUE,FALSE,FALSE,FALSE,FALSE,FALSE,TRUE,142,32,1,8
12,128,8,968,108,40,5000,68,228,840,2022,FALSE,FALSE,TRUE,FALSE,FALSE,FALSE,FALSE,FALSE,FALSE,FALSE,FALSE,TRUE,142,32,1,8
17,128,12,719,50,11,5003,67,210,699,2021,FALSE,FALSE,FALSE,TRUE,FALSE,FALSE,FALSE,FALSE,FALSE,FALSE,FALSE,TRUE,142,32,1,8
28,512,12,682,12,8,4000,65,225,1998,2021,FALSE,FALSE,FALSE,FALSE,FALSE,FALSE,FALSE,FALSE,TRUE,FALSE,FALSE,TRUE,142,32,1,7
15,128,8,676,50,8,4614,64,207,499,2021,FALSE,FALSE,FALSE,TRUE,FALSE,FALSE,FALSE,FALSE,FALSE,FALSE,FALSE,TRUE,142,32,1,7
9,128,6,379,64,32,5000,65,189,312,2022,FALSE,FALSE,TRUE,FALSE,FALSE,FALSE,FALSE,FALSE,FALSE,FALSE,FALSE,TRUE,142,32,1,7
32,64,4,135,50,8,5000,65,203,189,2022,FALSE,FALSE,FALSE,FALSE,FALSE,FALSE,FALSE,FALSE,FALSE,TRUE,FALSE,TRUE,142,32,1,8
11,128,8,722,50,10,4500,66,195,899,2022,FALSE,FALSE,TRUE,FALSE,FALSE,FALSE,FALSE,FALSE,FALSE,FALSE,FALSE,TRUE,142,32,1,6
6,128,8,676,64,12,4000,59,169,599,2021,FALSE,TRUE,FALSE,FALSE,FALSE,FALSE,FALSE,FALSE,FALSE,FALSE,FALSE,TRUE,142,32,1,7
10,128,8,881,50,10,3700,61,167,528,2022,FALSE,FALSE,TRUE,FALSE,FALSE,FALSE,FALSE,FALSE,FALSE,FALSE,FALSE,TRUE,143,32,1,8
22,256,12,1011,50,32,5000,67,218,987,2022,FALSE,FALSE,FALSE,FALSE,FALSE,TRUE,FALSE,FALSE,FALSE,FALSE,FALSE,TRUE,143,32,1,8
18,128,6,380,64,16,4500,64,173,299,2022,FALSE,FALSE,FALSE,FALSE,TRUE,FALSE,FALSE,FALSE,FALSE,FALSE,FALSE,TRUE,143,32,1,7
28,512,12,682,12,8,4000,65,225,1998,2021,FALSE,FALSE,FALSE,FALSE,FALSE,FALSE,FALSE,FALSE,TRUE,FALSE,FALSE,TRUE,143,32,1,7
4,256,6,801,12,12,4352,67,240,1199,2021,TRUE,FALSE,FALSE,FALSE,FALSE,FALSE,FALSE,FALSE,FALSE,FALSE,TRUE,FALSE,143,32,1,8
32,64,4,135,50,8,5000,65,203,189,2022,FALSE,FALSE,FALSE,FALSE,FALSE,FALSE,FALSE,FALSE,FALSE,TRUE,FALSE,TRUE,143,32,1,6
27,128,8,698,64,20,4500,66,195,428,2022,FALSE,FALSE,FALSE,FALSE,FALSE,FALSE,FALSE,TRUE,FALSE,FALSE,FALSE,TRUE,143,32,1,6
19,128,8,604,50,32,4500,64,190,379,2022,FALSE,FALSE,FALSE,FALSE,TRUE,FALSE,FALSE,FALSE,FALSE,FALSE,FALSE,TRUE,143,32,1,7
13,128,8,596,12,10,3300,67,183,899,2021,FALSE,FALSE,TRUE,FALSE,FALSE,FALSE,FALSE,FALSE,FALSE,FALSE,FALSE,TRUE,143,32,1,7
14,256,12,635,12,4,4400,76,271,1799,2021,FALSE,FALSE,TRUE,FALSE,FALSE,FALSE,FALSE,FALSE,FALSE,FALSE,FALSE,TRUE,143,32,1,8
30,32,3,142,13,5,5000,65,204,159,2021,FALSE,FALSE,FALSE,FALSE,FALSE,FALSE,FALSE,FALSE,FALSE,TRUE,FALSE,TRUE,144,38,2,7
5,64,3,422,12,7,2942,61,194,236,2018,TRUE,FALSE,FALSE,FALSE,FALSE,FALSE,FALSE,FALSE,FALSE,FALSE,TRUE,FALSE,144,38,2,10
28,512,12,682,12,8,4000,65,225,1998,2021,FALSE,FALSE,FALSE,FALSE,FALSE,FALSE,FALSE,FALSE,TRUE,FALSE,FALSE,TRUE,144,38,2,9
22,256,12,1011,50,32,5000,67,218,987,2022,FALSE,FALSE,FALSE,FALSE,FALSE,TRUE,FALSE,FALSE,FALSE,FALSE,FALSE,TRUE,144,38,2,7
32,64,4,135,50,8,5000,65,203,189,2022,FALSE,FALSE,FALSE,FALSE,FALSE,FALSE,FALSE,FALSE,FALSE,TRUE,FALSE,TRUE,144,38,2,7
15,128,8,676,50,8,4614,64,207,499,2021,FALSE,FALSE,FALSE,TRUE,FALSE,FALSE,FALSE,FALSE,FALSE,FALSE,FALSE,TRUE,144,38,2,9
3,256,6,794,12,12,3065,61,204,999,2021,TRUE,FALSE,FALSE,FALSE,FALSE,FALSE,FALSE,FALSE,FALSE,FALSE,TRUE,FALSE,144,38,2,10
18,128,6,380,64,16,4500,64,173,299,2022,FALSE,FALSE,FALSE,FALSE,TRUE,FALSE,FALSE,FALSE,FALSE,FALSE,FALSE,TRUE,144,38,2,8
8,64,4,220,48,13,5000,65,205,199,2021,FALSE,FALSE,TRUE,FALSE,FALSE,FALSE,FALSE,FALSE,FALSE,FALSE,FALSE,TRUE,144,38,2,8
29,128,6,229,50,16,5000,68,215,500,2022,FALSE,FALSE,FALSE,FALSE,FALSE,FALSE,FALSE,FALSE,FALSE,TRUE,FALSE,TRUE,144,38,2,7
5,64,3,422,12,7,2942,61,194,236,2018,TRUE,FALSE,FALSE,FALSE,FALSE,FALSE,FALSE,FALSE,FALSE,FALSE,TRUE,FALSE,145,32,1,8
29,128,6,229,50,16,5000,68,215,500,2022,FALSE,FALSE,FALSE,FALSE,FALSE,FALSE,FALSE,FALSE,FALSE,TRUE,FALSE,TRUE,145,32,1,7
30,32,3,142,13,5,5000,65,204,159,2021,FALSE,FALSE,FALSE,FALSE,FALSE,FALSE,FALSE,FALSE,FALSE,TRUE,FALSE,TRUE,145,32,1,7
24,128,4,244,50,13,5000,64,179,174,2022,FALSE,FALSE,FALSE,FALSE,FALSE,FALSE,FALSE,TRUE,FALSE,FALSE,FALSE,TRUE,145,32,1,7
0,128,4,723,12,7,2018,47,144,429,2022,TRUE,FALSE,FALSE,FALSE,FALSE,FALSE,FALSE,FALSE,FALSE,FALSE,TRUE,FALSE,145,32,1,8
15,128,8,676,50,8,4614,64,207,499,2021,FALSE,FALSE,FALSE,TRUE,FALSE,FALSE,FALSE,FALSE,FALSE,FALSE,FALSE,TRUE,145,32,1,8
26,128,8,985,50,32,4600,67,204,618,2021,FALSE,FALSE,FALSE,FALSE,FALSE,FALSE,FALSE,TRUE,FALSE,FALSE,FALSE,TRUE,145,32,1,7
28,512,12,682,12,8,4000,65,225,1998,2021,FALSE,FALSE,FALSE,FALSE,FALSE,FALSE,FALSE,FALSE,TRUE,FALSE,FALSE,TRUE,145,32,1,6
19,128,8,604,50,32,4500,64,190,379,2022,FALSE,FALSE,FALSE,FALSE,TRUE,FALSE,FALSE,FALSE,FALSE,FALSE,FALSE,TRUE,145,32,1,7
10,128,8,881,50,10,3700,61,167,528,2022,FALSE,FALSE,TRUE,FALSE,FALSE,FALSE,FALSE,FALSE,FALSE,FALSE,FALSE,TRUE,145,32,1,8
3,256,6,794,12,12,3065,61,204,999,2021,TRUE,FALSE,FALSE,FALSE,FALSE,FALSE,FALSE,FALSE,FALSE,FALSE,TRUE,FALSE,148,31,0,10
18,128,6,380,64,16,4500,64,173,299,2022,FALSE,FALSE,FALSE,FALSE,TRUE,FALSE,FALSE,FALSE,FALSE,FALSE,FALSE,TRUE,148,31,0,2
6,128,8,676,64,12,4000,59,169,599,2021,FALSE,TRUE,FALSE,FALSE,FALSE,FALSE,FALSE,FALSE,FALSE,FALSE,FALSE,TRUE,148,31,0,4
16,128,6,688,12,8,4410,61,178,449,2021,FALSE,FALSE,FALSE,TRUE,FALSE,FALSE,FALSE,FALSE,FALSE,FALSE,FALSE,TRUE,148,31,0,2
26,128,8,985,50,32,4600,67,204,618,2021,FALSE,FALSE,FALSE,FALSE,FALSE,FALSE,FALSE,TRUE,FALSE,FALSE,FALSE,TRUE,148,31,0,5
0,128,4,723,12,7,2018,47,144,429,2022,TRUE,FALSE,FALSE,FALSE,FALSE,FALSE,FALSE,FALSE,FALSE,FALSE,TRUE,FALSE,148,31,0,10
1,128,4,772,12,12,2438,54,141,699,2021,TRUE,FALSE,FALSE,FALSE,FALSE,FALSE,FALSE,FALSE,FALSE,FALSE,TRUE,FALSE,148,31,0,10
24,128,4,244,50,13,5000,64,179,174,2022,FALSE,FALSE,FALSE,FALSE,FALSE,FALSE,FALSE,TRUE,FALSE,FALSE,FALSE,TRUE,148,31,0,5
5,64,3,422,12,7,2942,61,194,236,2018,TRUE,FALSE,FALSE,FALSE,FALSE,FALSE,FALSE,FALSE,FALSE,FALSE,TRUE,FALSE,148,31,0,4
2,128,4,775,12,12,3240,61,174,699,2021,TRUE,FALSE,FALSE,FALSE,FALSE,FALSE,FALSE,FALSE,FALSE,FALSE,TRUE,FALSE,148,31,0,10
25,256,8,759,108,16,5000,66,204,435,2021,FALSE,FALSE,FALSE,FALSE,FALSE,FALSE,FALSE,TRUE,FALSE,FALSE,FALSE,TRUE,154,32,1,7
6,128,8,676,64,12,4000,59,169,599,2021,FALSE,TRUE,FALSE,FALSE,FALSE,FALSE,FALSE,FALSE,FALSE,FALSE,FALSE,TRUE,154,32,1,9
21,128,8,1100,50,16,4800,67,204,649,2022,FALSE,FALSE,FALSE,FALSE,TRUE,FALSE,FALSE,FALSE,FALSE,FALSE,FALSE,TRUE,154,32,1,6
13,128,8,596,12,10,3300,67,183,899,2021,FALSE,FALSE,TRUE,FALSE,FALSE,FALSE,FALSE,FALSE,FALSE,FALSE,FALSE,TRUE,154,32,1,6
20,128,8,886,48,32,5000,67,201,780,2022,FALSE,FALSE,FALSE,FALSE,TRUE,FALSE,FALSE,FALSE,FALSE,FALSE,FALSE,TRUE,154,32,1,6
30,32,3,142,13,5,5000,65,204,159,2021,FALSE,FALSE,FALSE,FALSE,FALSE,FALSE,FALSE,FALSE,FALSE,TRUE,FALSE,TRUE,154,32,1,6
4,256,6,801,12,12,4352,67,240,1199,2021,TRUE,FALSE,FALSE,FALSE,FALSE,FALSE,FALSE,FALSE,FALSE,FALSE,TRUE,FALSE,154,32,1,10
27,128,8,698,64,20,4500,66,195,428,2022,FALSE,FALSE,FALSE,FALSE,FALSE,FALSE,FALSE,TRUE,FALSE,FALSE,FALSE,TRUE,154,32,1,9
11,128,8,722,50,10,4500,66,195,899,2022,FALSE,FALSE,TRUE,FALSE,FALSE,FALSE,FALSE,FALSE,FALSE,FALSE,FALSE,TRUE,154,32,1,8
8,64,4,220,48,13,5000,65,205,199,2021,FALSE,FALSE,TRUE,FALSE,FALSE,FALSE,FALSE,FALSE,FALSE,FALSE,FALSE,TRUE,154,32,1,9
21,128,8,1100,50,16,4800,67,204,649,2022,FALSE,FALSE,FALSE,FALSE,TRUE,FALSE,FALSE,FALSE,FALSE,FALSE,FALSE,TRUE,156,39,0,8
12,128,8,968,108,40,5000,68,228,840,2022,FALSE,FALSE,TRUE,FALSE,FALSE,FALSE,FALSE,FALSE,FALSE,FALSE,FALSE,TRUE,156,39,0,9
26,128,8,985,50,32,4600,67,204,618,2021,FALSE,FALSE,FALSE,FALSE,FALSE,FALSE,FALSE,TRUE,FALSE,FALSE,FALSE,TRUE,156,39,0,8
28,512,12,682,12,8,4000,65,225,1998,2021,FALSE,FALSE,FALSE,FALSE,FALSE,FALSE,FALSE,FALSE,TRUE,FALSE,FALSE,TRUE,156,39,0,8
5,64,3,422,12,7,2942,61,194,236,2018,TRUE,FALSE,FALSE,FALSE,FALSE,FALSE,FALSE,FALSE,FALSE,FALSE,TRUE,FALSE,156,39,0,10
22,256,12,1011,50,32,5000,67,218,987,2022,FALSE,FALSE,FALSE,FALSE,FALSE,TRUE,FALSE,FALSE,FALSE,FALSE,FALSE,TRUE,156,39,0,8
1,128,4,772,12,12,2438,54,141,699,2021,TRUE,FALSE,FALSE,FALSE,FALSE,FALSE,FALSE,FALSE,FALSE,FALSE,TRUE,FALSE,156,39,0,10
9,128,6,379,64,32,5000,65,189,312,2022,FALSE,FALSE,TRUE,FALSE,FALSE,FALSE,FALSE,FALSE,FALSE,FALSE,FALSE,TRUE,156,39,0,8
19,128,8,604,50,32,4500,64,190,379,2022,FALSE,FALSE,FALSE,FALSE,TRUE,FALSE,FALSE,FALSE,FALSE,FALSE,FALSE,TRUE,156,39,0,9
23,256,8,981,50,32,4700,67,215,872,2022,FALSE,FALSE,FALSE,FALSE,FALSE,FALSE,TRUE,FALSE,FALSE,FALSE,FALSE,TRUE,156,39,0,6
8,64,4,220,48,13,5000,65,205,199,2021,FALSE,FALSE,TRUE,FALSE,FALSE,FALSE,FALSE,FALSE,FALSE,FALSE,FALSE,TRUE,160,31,1,1
27,128,8,698,64,20,4500,66,195,428,2022,FALSE,FALSE,FALSE,FALSE,FALSE,FALSE,FALSE,TRUE,FALSE,FALSE,FALSE,TRUE,160,31,1,3
12,128,8,968,108,40,5000,68,228,840,2022,FALSE,FALSE,TRUE,FALSE,FALSE,FALSE,FALSE,FALSE,FALSE,FALSE,FALSE,TRUE,160,31,1,10
31,32,3,102,13,5,4000,65,188,129,2021,FALSE,FALSE,FALSE,FALSE,FALSE,FALSE,FALSE,FALSE,FALSE,TRUE,FALSE,TRUE,160,31,1,1
7,32,3,136,50,8,5000,66,196,154,2022,FALSE,FALSE,TRUE,FALSE,FALSE,FALSE,FALSE,FALSE,FALSE,FALSE,FALSE,TRUE,160,31,1,1
9,128,6,379,64,32,5000,65,189,312,2022,FALSE,FALSE,TRUE,FALSE,FALSE,FALSE,FALSE,FALSE,FALSE,FALSE,FALSE,TRUE,160,31,1,6
6,128,8,676,64,12,4000,59,169,599,2021,FALSE,TRUE,FALSE,FALSE,FALSE,FALSE,FALSE,FALSE,FALSE,FALSE,FALSE,TRUE,160,31,1,4
20,128,8,886,48,32,5000,67,201,780,2022,FALSE,FALSE,FALSE,FALSE,TRUE,FALSE,FALSE,FALSE,FALSE,FALSE,FALSE,TRUE,160,31,1,7
30,32,3,142,13,5,5000,65,204,159,2021,FALSE,FALSE,FALSE,FALSE,FALSE,FALSE,FALSE,FALSE,FALSE,TRUE,FALSE,TRUE,160,31,1,1
18,128,6,380,64,16,4500,64,173,299,2022,FALSE,FALSE,FALSE,FALSE,TRUE,FALSE,FALSE,FALSE,FALSE,FALSE,FALSE,TRUE,160,31,1,1
30,32,3,142,13,5,5000,65,204,159,2021,FALSE,FALSE,FALSE,FALSE,FALSE,FALSE,FALSE,FALSE,FALSE,TRUE,FALSE,TRUE,162,50,1,9
17,128,12,719,50,11,5003,67,210,699,2021,FALSE,FALSE,FALSE,TRUE,FALSE,FALSE,FALSE,FALSE,FALSE,FALSE,FALSE,TRUE,162,50,1,8
4,256,6,801,12,12,4352,67,240,1199,2021,TRUE,FALSE,FALSE,FALSE,FALSE,FALSE,FALSE,FALSE,FALSE,FALSE,TRUE,FALSE,162,50,1,6
24,128,4,244,50,13,5000,64,179,174,2022,FALSE,FALSE,FALSE,FALSE,FALSE,FALSE,FALSE,TRUE,FALSE,FALSE,FALSE,TRUE,162,50,1,8
8,64,4,220,48,13,5000,65,205,199,2021,FALSE,FALSE,TRUE,FALSE,FALSE,FALSE,FALSE,FALSE,FALSE,FALSE,FALSE,TRUE,162,50,1,9
32,64,4,135,50,8,5000,65,203,189,2022,FALSE,FALSE,FALSE,FALSE,FALSE,FALSE,FALSE,FALSE,FALSE,TRUE,FALSE,TRUE,162,50,1,7
10,128,8,881,50,10,3700,61,167,528,2022,FALSE,FALSE,TRUE,FALSE,FALSE,FALSE,FALSE,FALSE,FALSE,FALSE,FALSE,TRUE,162,50,1,6
5,64,3,422,12,7,2942,61,194,236,2018,TRUE,FALSE,FALSE,FALSE,FALSE,FALSE,FALSE,FALSE,FALSE,FALSE,TRUE,FALSE,162,50,1,8
0,128,4,723,12,7,2018,47,144,429,2022,TRUE,FALSE,FALSE,FALSE,FALSE,FALSE,FALSE,FALSE,FALSE,FALSE,TRUE,FALSE,162,50,1,7
3,256,6,794,12,12,3065,61,204,999,2021,TRUE,FALSE,FALSE,FALSE,FALSE,FALSE,FALSE,FALSE,FALSE,FALSE,TRUE,FALSE,162,50,1,8
26,128,8,985,50,32,4600,67,204,618,2021,FALSE,FALSE,FALSE,FALSE,FALSE,FALSE,FALSE,TRUE,FALSE,FALSE,FALSE,TRUE,164,21,1,8
9,128,6,379,64,32,5000,65,189,312,2022,FALSE,FALSE,TRUE,FALSE,FALSE,FALSE,FALSE,FALSE,FALSE,FALSE,FALSE,TRUE,164,21,1,6
2,128,4,775,12,12,3240,61,174,699,2021,TRUE,FALSE,FALSE,FALSE,FALSE,FALSE,FALSE,FALSE,FALSE,FALSE,TRUE,FALSE,164,21,1,7
28,512,12,682,12,8,4000,65,225,1998,2021,FALSE,FALSE,FALSE,FALSE,FALSE,FALSE,FALSE,FALSE,TRUE,FALSE,FALSE,TRUE,164,21,1,8
17,128,12,719,50,11,5003,67,210,699,2021,FALSE,FALSE,FALSE,TRUE,FALSE,FALSE,FALSE,FALSE,FALSE,FALSE,FALSE,TRUE,164,21,1,6
4,256,6,801,12,12,4352,67,240,1199,2021,TRUE,FALSE,FALSE,FALSE,FALSE,FALSE,FALSE,FALSE,FALSE,FALSE,TRUE,FALSE,164,21,1,4
23,256,8,981,50,32,4700,67,215,872,2022,FALSE,FALSE,FALSE,FALSE,FALSE,FALSE,TRUE,FALSE,FALSE,FALSE,FALSE,TRUE,164,21,1,6
7,32,3,136,50,8,5000,66,196,154,2022,FALSE,FALSE,TRUE,FALSE,FALSE,FALSE,FALSE,FALSE,FALSE,FALSE,FALSE,TRUE,164,21,1,8
16,128,6,688,12,8,4410,61,178,449,2021,FALSE,FALSE,FALSE,TRUE,FALSE,FALSE,FALSE,FALSE,FALSE,FALSE,FALSE,TRUE,164,21,1,5
24,128,4,244,50,13,5000,64,179,174,2022,FALSE,FALSE,FALSE,FALSE,FALSE,FALSE,FALSE,TRUE,FALSE,FALSE,FALSE,TRUE,164,21,1,7
31,32,3,102,13,5,4000,65,188,129,2021,FALSE,FALSE,FALSE,FALSE,FALSE,FALSE,FALSE,FALSE,FALSE,TRUE,FALSE,TRUE,169,38,2,1
1,128,4,772,12,12,2438,54,141,699,2021,TRUE,FALSE,FALSE,FALSE,FALSE,FALSE,FALSE,FALSE,FALSE,FALSE,TRUE,FALSE,169,38,2,5
5,64,3,422,12,7,2942,61,194,236,2018,TRUE,FALSE,FALSE,FALSE,FALSE,FALSE,FALSE,FALSE,FALSE,FALSE,TRUE,FALSE,169,38,2,7
25,256,8,759,108,16,5000,66,204,435,2021,FALSE,FALSE,FALSE,FALSE,FALSE,FALSE,FALSE,TRUE,FALSE,FALSE,FALSE,TRUE,169,38,2,9
3,256,6,794,12,12,3065,61,204,999,2021,TRUE,FALSE,FALSE,FALSE,FALSE,FALSE,FALSE,FALSE,FALSE,FALSE,TRUE,FALSE,169,38,2,10
27,128,8,698,64,20,4500,66,195,428,2022,FALSE,FALSE,FALSE,FALSE,FALSE,FALSE,FALSE,TRUE,FALSE,FALSE,FALSE,TRUE,169,38,2,7
2,128,4,775,12,12,3240,61,174,699,2021,TRUE,FALSE,FALSE,FALSE,FALSE,FALSE,FALSE,FALSE,FALSE,FALSE,TRUE,FALSE,169,38,2,10
12,128,8,968,108,40,5000,68,228,840,2022,FALSE,FALSE,TRUE,FALSE,FALSE,FALSE,FALSE,FALSE,FALSE,FALSE,FALSE,TRUE,169,38,2,10
9,128,6,379,64,32,5000,65,189,312,2022,FALSE,FALSE,TRUE,FALSE,FALSE,FALSE,FALSE,FALSE,FALSE,FALSE,FALSE,TRUE,169,38,2,8
26,128,8,985,50,32,4600,67,204,618,2021,FALSE,FALSE,FALSE,FALSE,FALSE,FALSE,FALSE,TRUE,FALSE,FALSE,FALSE,TRUE,169,38,2,8
1,128,4,772,12,12,2438,54,141,699,2021,TRUE,FALSE,FALSE,FALSE,FALSE,FALSE,FALSE,FALSE,FALSE,FALSE,TRUE,FALSE,178,25,1,10
10,128,8,881,50,10,3700,61,167,528,2022,FALSE,FALSE,TRUE,FALSE,FALSE,FALSE,FALSE,FALSE,FALSE,FALSE,FALSE,TRUE,178,25,1,9
14,256,12,635,12,4,4400,76,271,1799,2021,FALSE,FALSE,TRUE,FALSE,FALSE,FALSE,FALSE,FALSE,FALSE,FALSE,FALSE,TRUE,178,25,1,5
4,256,6,801,12,12,4352,67,240,1199,2021,TRUE,FALSE,FALSE,FALSE,FALSE,FALSE,FALSE,FALSE,FALSE,FALSE,TRUE,FALSE,178,25,1,10
12,128,8,968,108,40,5000,68,228,840,2022,FALSE,FALSE,TRUE,FALSE,FALSE,FALSE,FALSE,FALSE,FALSE,FALSE,FALSE,TRUE,178,25,1,8
0,128,4,723,12,7,2018,47,144,429,2022,TRUE,FALSE,FALSE,FALSE,FALSE,FALSE,FALSE,FALSE,FALSE,FALSE,TRUE,FALSE,178,25,1,9
32,64,4,135,50,8,5000,65,203,189,2022,FALSE,FALSE,FALSE,FALSE,FALSE,FALSE,FALSE,FALSE,FALSE,TRUE,FALSE,TRUE,178,25,1,6
22,256,12,1011,50,32,5000,67,218,987,2022,FALSE,FALSE,FALSE,FALSE,FALSE,TRUE,FALSE,FALSE,FALSE,FALSE,FALSE,TRUE,178,25,1,9
7,32,3,136,50,8,5000,66,196,154,2022,FALSE,FALSE,TRUE,FALSE,FALSE,FALSE,FALSE,FALSE,FALSE,FALSE,FALSE,TRUE,178,25,1,10
15,128,8,676,50,8,4614,64,207,499,2021,FALSE,FALSE,FALSE,TRUE,FALSE,FALSE,FALSE,FALSE,FALSE,FALSE,FALSE,TRUE,178,25,1,10
14,256,12,635,12,4,4400,76,271,1799,2021,FALSE,FALSE,TRUE,FALSE,FALSE,FALSE,FALSE,FALSE,FALSE,FALSE,FALSE,TRUE,183,35,1,7
22,256,12,1011,50,32,5000,67,218,987,2022,FALSE,FALSE,FALSE,FALSE,FALSE,TRUE,FALSE,FALSE,FALSE,FALSE,FALSE,TRUE,183,35,1,6
20,128,8,886,48,32,5000,67,201,780,2022,FALSE,FALSE,FALSE,FALSE,TRUE,FALSE,FALSE,FALSE,FALSE,FALSE,FALSE,TRUE,183,35,1,8
17,128,12,719,50,11,5003,67,210,699,2021,FALSE,FALSE,FALSE,TRUE,FALSE,FALSE,FALSE,FALSE,FALSE,FALSE,FALSE,TRUE,183,35,1,5
27,128,8,698,64,20,4500,66,195,428,2022,FALSE,FALSE,FALSE,FALSE,FALSE,FALSE,FALSE,TRUE,FALSE,FALSE,FALSE,TRUE,183,35,1,5
32,64,4,135,50,8,5000,65,203,189,2022,FALSE,FALSE,FALSE,FALSE,FALSE,FALSE,FALSE,FALSE,FALSE,TRUE,FALSE,TRUE,183,35,1,7
28,512,12,682,12,8,4000,65,225,1998,2021,FALSE,FALSE,FALSE,FALSE,FALSE,FALSE,FALSE,FALSE,TRUE,FALSE,FALSE,TRUE,183,35,1,7
30,32,3,142,13,5,5000,65,204,159,2021,FALSE,FALSE,FALSE,FALSE,FALSE,FALSE,FALSE,FALSE,FALSE,TRUE,FALSE,TRUE,183,35,1,6
7,32,3,136,50,8,5000,66,196,154,2022,FALSE,FALSE,TRUE,FALSE,FALSE,FALSE,FALSE,FALSE,FALSE,FALSE,FALSE,TRUE,183,35,1,6
2,128,4,775,12,12,3240,61,174,699,2021,TRUE,FALSE,FALSE,FALSE,FALSE,FALSE,FALSE,FALSE,FALSE,FALSE,TRUE,FALSE,183,35,1,8
10,128,8,881,50,10,3700,61,167,528,2022,FALSE,FALSE,TRUE,FALSE,FALSE,FALSE,FALSE,FALSE,FALSE,FALSE,FALSE,TRUE,194,46,1,7
8,64,4,220,48,13,5000,65,205,199,2021,FALSE,FALSE,TRUE,FALSE,FALSE,FALSE,FALSE,FALSE,FALSE,FALSE,FALSE,TRUE,194,46,1,8
1,128,4,772,12,12,2438,54,141,699,2021,TRUE,FALSE,FALSE,FALSE,FALSE,FALSE,FALSE,FALSE,FALSE,FALSE,TRUE,FALSE,194,46,1,9
11,128,8,722,50,10,4500,66,195,899,2022,FALSE,FALSE,TRUE,FALSE,FALSE,FALSE,FALSE,FALSE,FALSE,FALSE,FALSE,TRUE,194,46,1,5
19,128,8,604,50,32,4500,64,190,379,2022,FALSE,FALSE,FALSE,FALSE,TRUE,FALSE,FALSE,FALSE,FALSE,FALSE,FALSE,TRUE,194,46,1,4
18,128,6,380,64,16,4500,64,173,299,2022,FALSE,FALSE,FALSE,FALSE,TRUE,FALSE,FALSE,FALSE,FALSE,FALSE,FALSE,TRUE,194,46,1,2
9,128,6,379,64,32,5000,65,189,312,2022,FALSE,FALSE,TRUE,FALSE,FALSE,FALSE,FALSE,FALSE,FALSE,FALSE,FALSE,TRUE,194,46,1,3
22,256,12,1011,50,32,5000,67,218,987,2022,FALSE,FALSE,FALSE,FALSE,FALSE,TRUE,FALSE,FALSE,FALSE,FALSE,FALSE,TRUE,194,46,1,8
3,256,6,794,12,12,3065,61,204,999,2021,TRUE,FALSE,FALSE,FALSE,FALSE,FALSE,FALSE,FALSE,FALSE,FALSE,TRUE,FALSE,194,46,1,6
7,32,3,136,50,8,5000,66,196,154,2022,FALSE,FALSE,TRUE,FALSE,FALSE,FALSE,FALSE,FALSE,FALSE,FALSE,FALSE,TRUE,194,46,1,8
16,128,6,688,12,8,4410,61,178,449,2021,FALSE,FALSE,FALSE,TRUE,FALSE,FALSE,FALSE,FALSE,FALSE,FALSE,FALSE,TRUE,200,48,1,3
17,128,12,719,50,11,5003,67,210,699,2021,FALSE,FALSE,FALSE,TRUE,FALSE,FALSE,FALSE,FALSE,FALSE,FALSE,FALSE,TRUE,200,48,1,4
30,32,3,142,13,5,5000,65,204,159,2021,FALSE,FALSE,FALSE,FALSE,FALSE,FALSE,FALSE,FALSE,FALSE,TRUE,FALSE,TRUE,200,48,1,9
20,128,8,886,48,32,5000,67,201,780,2022,FALSE,FALSE,FALSE,FALSE,TRUE,FALSE,FALSE,FALSE,FALSE,FALSE,FALSE,TRUE,200,48,1,7
13,128,8,596,12,10,3300,67,183,899,2021,FALSE,FALSE,TRUE,FALSE,FALSE,FALSE,FALSE,FALSE,FALSE,FALSE,FALSE,TRUE,200,48,1,2
31,32,3,102,13,5,4000,65,188,129,2021,FALSE,FALSE,FALSE,FALSE,FALSE,FALSE,FALSE,FALSE,FALSE,TRUE,FALSE,TRUE,200,48,1,10
11,128,8,722,50,10,4500,66,195,899,2022,FALSE,FALSE,TRUE,FALSE,FALSE,FALSE,FALSE,FALSE,FALSE,FALSE,FALSE,TRUE,200,48,1,1
32,64,4,135,50,8,5000,65,203,189,2022,FALSE,FALSE,FALSE,FALSE,FALSE,FALSE,FALSE,FALSE,FALSE,TRUE,FALSE,TRUE,200,48,1,8
6,128,8,676,64,12,4000,59,169,599,2021,FALSE,TRUE,FALSE,FALSE,FALSE,FALSE,FALSE,FALSE,FALSE,FALSE,FALSE,TRUE,200,48,1,5
21,128,8,1100,50,16,4800,67,204,649,2022,FALSE,FALSE,FALSE,FALSE,TRUE,FALSE,FALSE,FALSE,FALSE,FALSE,FALSE,TRUE,200,48,1,6
32,64,4,135,50,8,5000,65,203,189,2022,FALSE,FALSE,FALSE,FALSE,FALSE,FALSE,FALSE,FALSE,FALSE,TRUE,FALSE,TRUE,203,38,0,7
30,32,3,142,13,5,5000,65,204,159,2021,FALSE,FALSE,FALSE,FALSE,FALSE,FALSE,FALSE,FALSE,FALSE,TRUE,FALSE,TRUE,203,38,0,9
31,32,3,102,13,5,4000,65,188,129,2021,FALSE,FALSE,FALSE,FALSE,FALSE,FALSE,FALSE,FALSE,FALSE,TRUE,FALSE,TRUE,203,38,0,10
29,128,6,229,50,16,5000,68,215,500,2022,FALSE,FALSE,FALSE,FALSE,FALSE,FALSE,FALSE,FALSE,FALSE,TRUE,FALSE,TRUE,203,38,0,5
1,128,4,772,12,12,2438,54,141,699,2021,TRUE,FALSE,FALSE,FALSE,FALSE,FALSE,FALSE,FALSE,FALSE,FALSE,TRUE,FALSE,203,38,0,4
8,64,4,220,48,13,5000,65,205,199,2021,FALSE,FALSE,TRUE,FALSE,FALSE,FALSE,FALSE,FALSE,FALSE,FALSE,FALSE,TRUE,203,38,0,8
11,128,8,722,50,10,4500,66,195,899,2022,FALSE,FALSE,TRUE,FALSE,FALSE,FALSE,FALSE,FALSE,FALSE,FALSE,FALSE,TRUE,203,38,0,1
13,128,8,596,12,10,3300,67,183,899,2021,FALSE,FALSE,TRUE,FALSE,FALSE,FALSE,FALSE,FALSE,FALSE,FALSE,FALSE,TRUE,203,38,0,2
23,256,8,981,50,32,4700,67,215,872,2022,FALSE,FALSE,FALSE,FALSE,FALSE,FALSE,TRUE,FALSE,FALSE,FALSE,FALSE,TRUE,203,38,0,3
27,128,8,698,64,20,4500,66,195,428,2022,FALSE,FALSE,FALSE,FALSE,FALSE,FALSE,FALSE,TRUE,FALSE,FALSE,FALSE,TRUE,203,38,0,6
19,128,8,604,50,32,4500,64,190,379,2022,FALSE,FALSE,FALSE,FALSE,TRUE,FALSE,FALSE,FALSE,FALSE,FALSE,FALSE,TRUE,204,30,0,6
24,128,4,244,50,13,5000,64,179,174,2022,FALSE,FALSE,FALSE,FALSE,FALSE,FALSE,FALSE,TRUE,FALSE,FALSE,FALSE,TRUE,204,30,0,5
12,128,8,968,108,40,5000,68,228,840,2022,FALSE,FALSE,TRUE,FALSE,FALSE,FALSE,FALSE,FALSE,FALSE,FALSE,FALSE,TRUE,204,30,0,8
30,32,3,142,13,5,5000,65,204,159,2021,FALSE,FALSE,FALSE,FALSE,FALSE,FALSE,FALSE,FALSE,FALSE,TRUE,FALSE,TRUE,204,30,0,3
0,128,4,723,12,7,2018,47,144,429,2022,TRUE,FALSE,FALSE,FALSE,FALSE,FALSE,FALSE,FALSE,FALSE,FALSE,TRUE,FALSE,204,30,0,9
32,64,4,135,50,8,5000,65,203,189,2022,FALSE,FALSE,FALSE,FALSE,FALSE,FALSE,FALSE,FALSE,FALSE,TRUE,FALSE,TRUE,204,30,0,3
25,256,8,759,108,16,5000,66,204,435,2021,FALSE,FALSE,FALSE,FALSE,FALSE,FALSE,FALSE,TRUE,FALSE,FALSE,FALSE,TRUE,204,30,0,9
7,32,3,136,50,8,5000,66,196,154,2022,FALSE,FALSE,TRUE,FALSE,FALSE,FALSE,FALSE,FALSE,FALSE,FALSE,FALSE,TRUE,204,30,0,7
18,128,6,380,64,16,4500,64,173,299,2022,FALSE,FALSE,FALSE,FALSE,TRUE,FALSE,FALSE,FALSE,FALSE,FALSE,FALSE,TRUE,204,30,0,8
15,128,8,676,50,8,4614,64,207,499,2021,FALSE,FALSE,FALSE,TRUE,FALSE,FALSE,FALSE,FALSE,FALSE,FALSE,FALSE,TRUE,204,30,0,6
27,128,8,698,64,20,4500,66,195,428,2022,FALSE,FALSE,FALSE,FALSE,FALSE,FALSE,FALSE,TRUE,FALSE,FALSE,FALSE,TRUE,208,29,1,7
0,128,4,723,12,7,2018,47,144,429,2022,TRUE,FALSE,FALSE,FALSE,FALSE,FALSE,FALSE,FALSE,FALSE,FALSE,TRUE,FALSE,208,29,1,7
17,128,12,719,50,11,5003,67,210,699,2021,FALSE,FALSE,FALSE,TRUE,FALSE,FALSE,FALSE,FALSE,FALSE,FALSE,FALSE,TRUE,208,29,1,8
13,128,8,596,12,10,3300,67,183,899,2021,FALSE,FALSE,TRUE,FALSE,FALSE,FALSE,FALSE,FALSE,FALSE,FALSE,FALSE,TRUE,208,29,1,10
12,128,8,968,108,40,5000,68,228,840,2022,FALSE,FALSE,TRUE,FALSE,FALSE,FALSE,FALSE,FALSE,FALSE,FALSE,FALSE,TRUE,208,29,1,8
30,32,3,142,13,5,5000,65,204,159,2021,FALSE,FALSE,FALSE,FALSE,FALSE,FALSE,FALSE,FALSE,FALSE,TRUE,FALSE,TRUE,208,29,1,8
18,128,6,380,64,16,4500,64,173,299,2022,FALSE,FALSE,FALSE,FALSE,TRUE,FALSE,FALSE,FALSE,FALSE,FALSE,FALSE,TRUE,208,29,1,10
16,128,6,688,12,8,4410,61,178,449,2021,FALSE,FALSE,FALSE,TRUE,FALSE,FALSE,FALSE,FALSE,FALSE,FALSE,FALSE,TRUE,208,29,1,8
2,128,4,775,12,12,3240,61,174,699,2021,TRUE,FALSE,FALSE,FALSE,FALSE,FALSE,FALSE,FALSE,FALSE,FALSE,TRUE,FALSE,208,29,1,8
22,256,12,1011,50,32,5000,67,218,987,2022,FALSE,FALSE,FALSE,FALSE,FALSE,TRUE,FALSE,FALSE,FALSE,FALSE,FALSE,TRUE,208,29,1,7
23,256,8,981,50,32,4700,67,215,872,2022,FALSE,FALSE,FALSE,FALSE,FALSE,FALSE,TRUE,FALSE,FALSE,FALSE,FALSE,TRUE,211,37,0,8
20,128,8,886,48,32,5000,67,201,780,2022,FALSE,FALSE,FALSE,FALSE,TRUE,FALSE,FALSE,FALSE,FALSE,FALSE,FALSE,TRUE,211,37,0,7
3,256,6,794,12,12,3065,61,204,999,2021,TRUE,FALSE,FALSE,FALSE,FALSE,FALSE,FALSE,FALSE,FALSE,FALSE,TRUE,FALSE,211,37,0,8
29,128,6,229,50,16,5000,68,215,500,2022,FALSE,FALSE,FALSE,FALSE,FALSE,FALSE,FALSE,FALSE,FALSE,TRUE,FALSE,TRUE,211,37,0,9
13,128,8,596,12,10,3300,67,183,899,2021,FALSE,FALSE,TRUE,FALSE,FALSE,FALSE,FALSE,FALSE,FALSE,FALSE,FALSE,TRUE,211,37,0,7
2,128,4,775,12,12,3240,61,174,699,2021,TRUE,FALSE,FALSE,FALSE,FALSE,FALSE,FALSE,FALSE,FALSE,FALSE,TRUE,FALSE,211,37,0,8
22,256,12,1011,50,32,5000,67,218,987,2022,FALSE,FALSE,FALSE,FALSE,FALSE,TRUE,FALSE,FALSE,FALSE,FALSE,FALSE,TRUE,211,37,0,6
10,128,8,881,50,10,3700,61,167,528,2022,FALSE,FALSE,TRUE,FALSE,FALSE,FALSE,FALSE,FALSE,FALSE,FALSE,FALSE,TRUE,211,37,0,7
24,128,4,244,50,13,5000,64,179,174,2022,FALSE,FALSE,FALSE,FALSE,FALSE,FALSE,FALSE,TRUE,FALSE,FALSE,FALSE,TRUE,211,37,0,8
14,256,12,635,12,4,4400,76,271,1799,2021,FALSE,FALSE,TRUE,FALSE,FALSE,FALSE,FALSE,FALSE,FALSE,FALSE,FALSE,TRUE,211,37,0,8
23,256,8,981,50,32,4700,67,215,872,2022,FALSE,FALSE,FALSE,FALSE,FALSE,FALSE,TRUE,FALSE,FALSE,FALSE,FALSE,TRUE,215,42,0,8
9,128,6,379,64,32,5000,65,189,312,2022,FALSE,FALSE,TRUE,FALSE,FALSE,FALSE,FALSE,FALSE,FALSE,FALSE,FALSE,TRUE,215,42,0,7
32,64,4,135,50,8,5000,65,203,189,2022,FALSE,FALSE,FALSE,FALSE,FALSE,FALSE,FALSE,FALSE,FALSE,TRUE,FALSE,TRUE,215,42,0,6
18,128,6,380,64,16,4500,64,173,299,2022,FALSE,FALSE,FALSE,FALSE,TRUE,FALSE,FALSE,FALSE,FALSE,FALSE,FALSE,TRUE,215,42,0,7
0,128,4,723,12,7,2018,47,144,429,2022,TRUE,FALSE,FALSE,FALSE,FALSE,FALSE,FALSE,FALSE,FALSE,FALSE,TRUE,FALSE,215,42,0,9
15,128,8,676,50,8,4614,64,207,499,2021,FALSE,FALSE,FALSE,TRUE,FALSE,FALSE,FALSE,FALSE,FALSE,FALSE,FALSE,TRUE,215,42,0,7
10,128,8,881,50,10,3700,61,167,528,2022,FALSE,FALSE,TRUE,FALSE,FALSE,FALSE,FALSE,FALSE,FALSE,FALSE,FALSE,TRUE,215,42,0,7
17,128,12,719,50,11,5003,67,210,699,2021,FALSE,FALSE,FALSE,TRUE,FALSE,FALSE,FALSE,FALSE,FALSE,FALSE,FALSE,TRUE,215,42,0,8
12,128,8,968,108,40,5000,68,228,840,2022,FALSE,FALSE,TRUE,FALSE,FALSE,FALSE,FALSE,FALSE,FALSE,FALSE,FALSE,TRUE,215,42,0,8
3,256,6,794,12,12,3065,61,204,999,2021,TRUE,FALSE,FALSE,FALSE,FALSE,FALSE,FALSE,FALSE,FALSE,FALSE,TRUE,FALSE,215,42,0,7
8,64,4,220,48,13,5000,65,205,199,2021,FALSE,FALSE,TRUE,FALSE,FALSE,FALSE,FALSE,FALSE,FALSE,FALSE,FALSE,TRUE,226,27,0,7
32,64,4,135,50,8,5000,65,203,189,2022,FALSE,FALSE,FALSE,FALSE,FALSE,FALSE,FALSE,FALSE,FALSE,TRUE,FALSE,TRUE,226,27,0,7
1,128,4,772,12,12,2438,54,141,699,2021,TRUE,FALSE,FALSE,FALSE,FALSE,FALSE,FALSE,FALSE,FALSE,FALSE,TRUE,FALSE,226,27,0,9
22,256,12,1011,50,32,5000,67,218,987,2022,FALSE,FALSE,FALSE,FALSE,FALSE,TRUE,FALSE,FALSE,FALSE,FALSE,FALSE,TRUE,226,27,0,10
24,128,4,244,50,13,5000,64,179,174,2022,FALSE,FALSE,FALSE,FALSE,FALSE,FALSE,FALSE,TRUE,FALSE,FALSE,FALSE,TRUE,226,27,0,8
18,128,6,380,64,16,4500,64,173,299,2022,FALSE,FALSE,FALSE,FALSE,TRUE,FALSE,FALSE,FALSE,FALSE,FALSE,FALSE,TRUE,226,27,0,10
12,128,8,968,108,40,5000,68,228,840,2022,FALSE,FALSE,TRUE,FALSE,FALSE,FALSE,FALSE,FALSE,FALSE,FALSE,FALSE,TRUE,226,27,0,8
0,128,4,723,12,7,2018,47,144,429,2022,TRUE,FALSE,FALSE,FALSE,FALSE,FALSE,FALSE,FALSE,FALSE,FALSE,TRUE,FALSE,226,27,0,10
15,128,8,676,50,8,4614,64,207,499,2021,FALSE,FALSE,FALSE,TRUE,FALSE,FALSE,FALSE,FALSE,FALSE,FALSE,FALSE,TRUE,226,27,0,9
5,64,3,422,12,7,2942,61,194,236,2018,TRUE,FALSE,FALSE,FALSE,FALSE,FALSE,FALSE,FALSE,FALSE,FALSE,TRUE,FALSE,226,27,0,9
23,256,8,981,50,32,4700,67,215,872,2022,FALSE,FALSE,FALSE,FALSE,FALSE,FALSE,TRUE,FALSE,FALSE,FALSE,FALSE,TRUE,227,32,1,7
14,256,12,635,12,4,4400,76,271,1799,2021,FALSE,FALSE,TRUE,FALSE,FALSE,FALSE,FALSE,FALSE,FALSE,FALSE,FALSE,TRUE,227,32,1,7
6,128,8,676,64,12,4000,59,169,599,2021,FALSE,TRUE,FALSE,FALSE,FALSE,FALSE,FALSE,FALSE,FALSE,FALSE,FALSE,TRUE,227,32,1,8
8,64,4,220,48,13,5000,65,205,199,2021,FALSE,FALSE,TRUE,FALSE,FALSE,FALSE,FALSE,FALSE,FALSE,FALSE,FALSE,TRUE,227,32,1,7
16,128,6,688,12,8,4410,61,178,449,2021,FALSE,FALSE,FALSE,TRUE,FALSE,FALSE,FALSE,FALSE,FALSE,FALSE,FALSE,TRUE,227,32,1,6
3,256,6,794,12,12,3065,61,204,999,2021,TRUE,FALSE,FALSE,FALSE,FALSE,FALSE,FALSE,FALSE,FALSE,FALSE,TRUE,FALSE,227,32,1,10
24,128,4,244,50,13,5000,64,179,174,2022,FALSE,FALSE,FALSE,FALSE,FALSE,FALSE,FALSE,TRUE,FALSE,FALSE,FALSE,TRUE,227,32,1,10
31,32,3,102,13,5,4000,65,188,129,2021,FALSE,FALSE,FALSE,FALSE,FALSE,FALSE,FALSE,FALSE,FALSE,TRUE,FALSE,TRUE,227,32,1,9
0,128,4,723,12,7,2018,47,144,429,2022,TRUE,FALSE,FALSE,FALSE,FALSE,FALSE,FALSE,FALSE,FALSE,FALSE,TRUE,FALSE,227,32,1,8
2,128,4,775,12,12,3240,61,174,699,2021,TRUE,FALSE,FALSE,FALSE,FALSE,FALSE,FALSE,FALSE,FALSE,FALSE,TRUE,FALSE,227,32,1,7
24,128,4,244,50,13,5000,64,179,174,2022,FALSE,FALSE,FALSE,FALSE,FALSE,FALSE,FALSE,TRUE,FALSE,FALSE,FALSE,TRUE,230,29,0,8
7,32,3,136,50,8,5000,66,196,154,2022,FALSE,FALSE,TRUE,FALSE,FALSE,FALSE,FALSE,FALSE,FALSE,FALSE,FALSE,TRUE,230,29,0,8
32,64,4,135,50,8,5000,65,203,189,2022,FALSE,FALSE,FALSE,FALSE,FALSE,FALSE,FALSE,FALSE,FALSE,TRUE,FALSE,TRUE,230,29,0,7
29,128,6,229,50,16,5000,68,215,500,2022,FALSE,FALSE,FALSE,FALSE,FALSE,FALSE,FALSE,FALSE,FALSE,TRUE,FALSE,TRUE,230,29,0,8
5,64,3,422,12,7,2942,61,194,236,2018,TRUE,FALSE,FALSE,FALSE,FALSE,FALSE,FALSE,FALSE,FALSE,FALSE,TRUE,FALSE,230,29,0,10
28,512,12,682,12,8,4000,65,225,1998,2021,FALSE,FALSE,FALSE,FALSE,FALSE,FALSE,FALSE,FALSE,TRUE,FALSE,FALSE,TRUE,230,29,0,9
30,32,3,142,13,5,5000,65,204,159,2021,FALSE,FALSE,FALSE,FALSE,FALSE,FALSE,FALSE,FALSE,FALSE,TRUE,FALSE,TRUE,230,29,0,8
16,128,6,688,12,8,4410,61,178,449,2021,FALSE,FALSE,FALSE,TRUE,FALSE,FALSE,FALSE,FALSE,FALSE,FALSE,FALSE,TRUE,230,29,0,8
8,64,4,220,48,13,5000,65,205,199,2021,FALSE,FALSE,TRUE,FALSE,FALSE,FALSE,FALSE,FALSE,FALSE,FALSE,FALSE,TRUE,230,29,0,7
18,128,6,380,64,16,4500,64,173,299,2022,FALSE,FALSE,FALSE,FALSE,TRUE,FALSE,FALSE,FALSE,FALSE,FALSE,FALSE,TRUE,230,29,0,7
